attribute_set_id,sku,name,meta_title,url_key,sku_for_vendor_product,treatment,carat_weight,classification,cutting_style,dimensions,j_colour,name2,offers,vendor_id,weight_ratti,shipping_days,hsn_code,price,special_price,weight_carat,price_per_carat,weight_sort1,status,tax_class_id,gemstone,gem_composition,shape,certification,return_policy,colour,cut,dimension_type,dispatch_days,gemstone2,vendor,offer_type,origin,product_type,description,short_description,comment_explation,description2,qty,is_in_stock,gemstone3,image,small_image,thumbnail,invoice_id,news_from_date,news_to_date,stickers,callfor,quality_config_gem,redirect_select_for_quality,select_for_quality,mainproduct_forjewlrypage,gemstone2_type,price_per_carat_range,metal_config,ideal_design,price_for_jewelry,promotion_baseprice_jewlery,product_discount_percentage,promotion_discount_price,specific_gravity,refractive_index,show_pricing_table,callfor_price_wanto_show,automatic_video_link,call_for_price_text,calibrated_size_range,beads_size,hole,beads_in_strand,length_inches,quality_grade,strands,dimension_approx,arrangement_type,length_cm,how_to_wear,certificate_number1,verified_certificateimage,verified_certificateimage1,additional_certification,price_range,gemstone_benifits_new,product_category_type
Gemstones,GP13221,Green Amethyst (Prasiolite) - 7.41 Carats,Premium Certified Green Amethyst (Prasiolite) for Astrological Use - 7.41 Carats (GP13221) from Brazil,green-amethyst-gp13221,GP13221,Unheated and Untreated (No Indications Observed),7.41,Green Amethyst,Faceted,13.95x10.45x6.68 mm,Green,7.41 ct Green Amethyst Natural Original Top Quality Lab Certified Gemstone of 7.41 carat ,Express Dispatch,4692,8.23,0,71039949,3200.0000,,7.4100,432.0000,741.0000,Enabled,Jewellery Semiprecious,Green Amethyst,Natural,Octagonal,ITLGJ Certified,10 Day Money-Back Returns*,Light Green,Faceted,Not Calibrated,0 Business Days (+5 days for typical Jewellery; +14 days for Bracelet/Gold/CZ/Diamond Items),Amethyst - Green (Prasiolite),GP,Loose Gemstone,Brazil,Single Stone,Natural Green Amethyst weighing 7.41 carats in Octagonal shape,Natural Green Amethyst weighing 7.41 carat  from Brazil,Price Increase by 5% on 23-May-2022(messaged by NITIN SIR on Catalog Whatsaap Group on 13-may-2022)(Relive on 190624)(Relive on 080824) (Out of stock by Own Inventory on 110226),"Buy Natural Amethyst - Green (Prasiolite) 7.41 for sale online, weighing 7.41 carats (roughly 8.23 ratti). The cost price of the stone is provided and its price per carat can be calculated by dividing the cost price by stone weight (7.41 carat). Green Amethyst has many benefits. This gem is stated to be Unheated and Untreated. The value of the stone is good considering its properties and effects. This gem is certified and its photos, video and lab certificate are available on our online store.",0.0000,0,Amethyst - Green (Prasiolite)-Faceted-Non Calibrated,/g/p/gp13221-1-80824.jpg,/g/p/gp13221-1-80824.jpg,/g/p/gp13221-hand-80824.jpg,,2015-12-15 00:00:00,,,,,0,,,3 - Semi-Precious,0,,,,,,480,2.65,1.540 - 1.550,No,No,,,",",",",",",,,",",",",",",",",,,,,,,3000,"Deaddiction, Remove Negativity",MP
Gemstones,GP13222,Green Amethyst (Prasiolite) - 6.32 carats,Natural Green Amethyst (Prasiolite) - 6.32 carats (GP13222) from Brazil,green-amethyst-gp13222,GP13222,Unheated and Untreated (No Indications Observed),6.32,Green Amethyst,Faceted,13.26x10.01x6.27 mm,Green,6.32 ct Green Amethyst (Prasiolite) Natural Original Top Quality Lab Certified Gemstone of 6.32 carat (7 ratti) from Brazil,Express Dispatch,4693,7.02,0,71039949,2750.0000,,6.3200,435.0000,632.0000,Enabled,Jewellery Semiprecious,Green Amethyst,Natural,Octagonal,ITLGJ Certified,10 Day Money-Back Returns*,Green,Faceted,Not Calibrated,0 Business Days (+5 days for typical Jewellery; +14 days for Bracelet/Gold/CZ/Diamond Items),Amethyst - Green (Prasiolite),GP,Loose Gemstone,Brazil,Single Stone,Natural Green Amethyst (Prasiolite) weighing 6.32 carat In Octagonal shape.,Natural Green Amethyst (Prasiolite) weighing 6.32 carats (7.02 ratti) from Brazil,Price Increase by 5% on 23-May-2022(messaged by NITIN SIR on Catalog Whatsaap Group on 13-may-2022)(Out of stock by Own Inventory on 190324),"Buy Natural Amethyst - Green (Prasiolite) 1.26 for sale online, weighing 6.32 carats (roughly 7 ratti). The cost price of the stone is provided and its price per carat can be calculated by dividing the cost price by stone weight (6.32 carat). The stone origin (where it is mined from) is Brazil. The stone is hence popularly also known as . Green Amethyst has many benefits. This gem is stated to be Unheated and Untreated. The value of the stone is good considering its properties and effects. This gem is certified and its photos, video and lab certificate are available on our online store.",0.0000,0,Amethyst - Green (Prasiolite)-Faceted-Non Calibrated,/g/p/gp13222-1-121120.jpg,/g/p/gp13222-1-121120.jpg,/g/p/gp13222-itlgj-certified-291223.jpg,,2015-12-07 00:00:00,,,,,0,,,3 - Semi-Precious,400,,,,,,412.5,2.65,1.540 - 1.550,No,No,,,",",",",",",,,",",",",",",",",,,,,,,2500,"Deaddiction, Remove Negativity",MP
Gemstones,GP13224,Green Amethyst (Prasiolite) 11 MM - 4.89 Carats,Natural Certified - 4.89 Carats Green Amethyst (Prasiolite) 11 MM (GP13224) from Brazil,green-amethyst-gp13224,GP13224,Unheated and Untreated (No Indications Observed),4.89,Green Amethyst,Faceted,10.98x10.92x5.55 mm,Green,4.89 ct Green Amethyst Natural Original Top Quality Lab Certified Gemstone of 4.89 carat ,Express Dispatch,4695,5.43,0,71039949,2250.0000,,4.8900,460.0000,489.0000,Enabled,Jewellery Semiprecious,Green Amethyst,Natural,Square,ITLGJ Certified,10 Day Money-Back Returns*,Light Green,Faceted,Calibrated,0 Business Days (+5 days for typical Jewellery; +14 days for Bracelet/Gold/CZ/Diamond Items),Amethyst - Green (Prasiolite),GP,Loose Gemstone,Brazil,Single Stone,Natural Green Amethyst weighing 4.89 carats in Square shape,Natural Green Amethyst weighing 4.89 carat  from Brazil,"Price Increase by 5% on 23-May-2022(messaged by NITIN SIR on Catalog Whatsaap Group on 13-may-2022), Price Update By Shani on 220124 Done by Munna(Relive on 190624)","Buy Natural Amethyst - Green (Prasiolite) 4.89 for sale online, weighing 4.89 carats (roughly 5.43 ratti). The cost price of the stone is provided and its price per carat can be calculated by dividing the cost price by stone weight (4.89 carat). Green Amethyst has many benefits. This gem is stated to be Unheated and Untreated. The value of the stone is good considering its properties and effects. This gem is certified and its photos, video and lab certificate are available on our online store.",1.0000,1,Amethyst - Green (Prasiolite)-Faceted-Calibrated,/g/p/gp13224-1-190624.jpg,/g/p/gp13224-1-190624.jpg,/g/p/gp13224-hand-190624.jpg,,2015-12-07 00:00:00,,,,,0,,,3 - Semi-Precious,400,,,,,,315,2.65,1.540 - 1.550,No,No,,,"11,",",",",",,,",",",",",",",",,,SLA358920924,https://www.itlgj.com/searchcertificate.aspx?No=SLA358920924&T=Stone,,,2000,"Deaddiction, Remove Negativity",MP
Gemstones,GP13225,Green Amethyst (Prasiolite) 15x10 MM - 5.04 Carats,Original Certified Green Amethyst (Prasiolite) 15x10 MM for Astrological Use - 5.04 Carats (GP13225) from Brazil,green-amethyst-gp13225,GP13225,Unheated and Untreated (No Indications Observed),5.04,Green Amethyst,Faceted,15.04x9.98x6.72 mm,Green,5.04 ct Green Amethyst Natural Original Top Quality Lab Certified Gemstone of 5.04 carat ,Express Dispatch,4696,5.6,0,71039949,2350.0000,,5.0400,466.0000,504.0000,Enabled,Jewellery Semiprecious,Green Amethyst,Natural,Pear,ITLGJ Certified,10 Day Money-Back Returns*,Light Green,Faceted,Calibrated,0 Business Days (+5 days for typical Jewellery; +14 days for Bracelet/Gold/CZ/Diamond Items),Amethyst - Green (Prasiolite),GP,Loose Gemstone,Brazil,Single Stone,Natural Green Amethyst weighing 5.04 carats in Pear shape,Natural Green Amethyst weighing 5.04 carat  from Brazil,"Price Increase by 5% on 23-May-2022(messaged by NITIN SIR on Catalog Whatsaap Group on 13-may-2022), Price Update By Shani on 220124 Done by Munna(Relive on 200624)","Buy Natural Amethyst - Green (Prasiolite) 5.04 for sale online, weighing 5.04 carats (roughly 5.6 ratti). The cost price of the stone is provided and its price per carat can be calculated by dividing the cost price by stone weight (5.04 carat). Green Amethyst has many benefits. This gem is stated to be Unheated and Untreated. The value of the stone is good considering its properties and effects. This gem is certified and its photos, video and lab certificate are available on our online store.",1.0000,1,Amethyst - Green (Prasiolite)-Faceted-Calibrated,/g/p/gp13225-1-200624.jpg,/g/p/gp13225-1-200624.jpg,/g/p/gp13225-hand-200624.jpg,,2015-12-07 00:00:00,,,,,0,,,3 - Semi-Precious,400,,,,,,330,2.65,1.540 - 1.550,No,No,,,"15x10,",",",",",,,",",",",",",",",,,SLA358920925,https://www.itlgj.com/searchcertificate.aspx?No=SLA358920925&T=Stone,,,2000,"Deaddiction, Remove Negativity",MP
Gemstones,GP20621,Amethyst - 3.41 Carats,Natural Amethyst - 3.41 Carats (GP20621) from Brazil,amethyst-gp20621,GP20621,Unheated and Untreated (No Indications Observed),3.41,Amethyst,Faceted,10.52x8.86x5.01 mm,Violet,3.41 ct Amethyst Natural Original Top Quality Lab Certified Gemstone of carat (3.78 ratti),Express Dispatch,12233,3.78,0,71039949,3100.0000,,3.4100,805.0000,385.0000,Enabled,Jewellery Semiprecious,Amethyst,Natural,Octagonal,AGR Certified,10 Day Money-Back Returns*,Violet,Faceted,Not Calibrated,0 Business Days (+5 days for typical Jewellery; +14 days for Bracelet/Gold/CZ/Diamond Items),Amethyst - All,GP,Loose Gemstone,Brazil,Single Stone,Natural Amethyst weighing 3.41 carat In Octagonal shape,Natural Amethyst weighing 3.41 carat (3.78 ratti) from Brazil,0 ( Sunny sir Change the price in bulk on 240424 )(Out of stock- wrong format image)(Relive on 140225)(Relive on 180425) (Out of stock by Own Inventory on 260525),"Buy Natural Amethyst - All 3.41 for sale online, weighing carats (roughly 3.78 ratti). The cost price of the stone is provided and its per carat can be calculated by dividing weight (3.41 carat). has many benefits. This gem stated to Unheated Untreated. value good considering properties effects. certified photos, video lab certificate are available on our online store.",0.0000,0,Amethyst - All-Faceted-Non Calibrated,/g/p/gp20621-1-180425.jpg,/g/p/gp20621-1-180425.jpg,/g/p/gp20621-hand-180425.jpg,Others-Ongoing3@BG#136,2017-02-17 00:00:00,,,,,0,,,3 - Semi-Precious,500,,,,,,,2.65,1.540 - 1.550,No,No,,,",",",",",",,,",",",",",",",",,,,,,,3000,"Success in business, Popularity",MP
Gemstones,GP21607,Amethyst - 5.22 carats,Natural Amethyst - 5.22 carats (GP21607) from Africa ,amethyst-gp21607,,Unheated and Untreated (No Indications Observed),5.22,Amethyst,Faceted,,Violet,5.22ct Amethyst (Jamunia) Natural Original Top Quality Lab Certified gemstone of 5.22 carat (5.75 ratti) ,Express Dispatch,12999,5.8,0,71039949,3130.0000,,5.2200,600.0000,522.0000,Enabled,Jewellery Semiprecious,Amethyst,Natural,Oval,Free Lab Certificate,10 Day Money-Back Returns*,Violet,Mixed Cuts,Not Calibrated,0 Business Days (+5 days for typical Jewellery; +14 days for Bracelet/Gold/CZ/Diamond Items),Amethyst - All,GP,Loose Gemstone,Africa,Single Stone,Beautiful Natural Amethyst weighing 5.22 carat In Oval shape.,Beautiful Natural Amethyst weighing 5.22 carats (5.8 ratti) from Africa,,"Buy Natural Original Amethyst (Jamunia rashi ratna) for sale online, weighing 5.22 carats (roughly 5.75 ratti). The cost price of the stone is provided and its price per carat can be calculated by dividing the cost price by stone weight (5.22 carat). Amethyst has many benefits. This gem is stated to be Unheated & Untreated. The value of the stone is good considering its properties and effects. This gem is certified and its photos, video and lab certificate are available on our online store.",0.0000,0,Amethyst - All-Faceted-Non Calibrated,/g/p/gp21607-3_1.jpg,/g/p/gp21607-3_1.jpg,/g/p/gp21607-2.jpg,,2016-05-05 00:00:00,,,,,0,,,3 - Semi-Precious,,,,,,,375.6,,,No,No,,,",",",",",",,,",",",",",",",",,,,,,,,"Deaddiction, Remove Negativity",
Gemstones,GP25821,Amethyst - 17.65 carats,Natural Amethyst - 17.65 carats (GP25821) from Africa,amethyst-gp25821,,Unheated and Untreated (No Indications Observed),17.65,Amethyst,Faceted,,Violet,17.65ct Amethyst (Jamunia) Natural Original Top Quality Lab Certified gemstone of 17.65 carat (19.5 ratti) ,Express Dispatch,17245,19.61,0,71039949,10590.0000,5295.0000,17.6500,600.0000,1765.0000,Enabled,Jewellery Semiprecious,Amethyst,Natural,Oval,Free Lab Certificate,10 Day Money-Back Returns*,Violet,Mixed Cuts,Not Calibrated,0 Business Days (+5 days for typical Jewellery; +14 days for Bracelet/Gold/CZ/Diamond Items),Amethyst - All,GP,Loose Gemstone,Africa,Single Stone,Beautiful Natural Amethyst weighing 17.65 carat In Oval shape.,Original Natural Amethyst weighing 17.65 carats (19.61 ratti) from Africa,,"Buy Natural Original Amethyst (Jamunia rashi ratna) for sale online, weighing 17.65 carats (roughly 19.5 ratti). The cost price of the stone is provided and its price per carat can be calculated by dividing the cost price by stone weight (17.65 carat). Amethyst has many benefits. This gem is stated to be Unheated & Untreated. The value of the stone is good considering its properties and effects. This gem is certified and its photos, video and lab certificate are available on our online store.",0.0000,0,Amethyst - All-Faceted-Non Calibrated,/g/p/gp25821-1_1.jpg,/g/p/gp25821-1_1.jpg,/g/p/gp25821-hand.jpg,PR-Ongoing5@PR#192,2017-02-21 00:00:00,,,,,0,,,3 - Semi-Precious,,,,,,,1270.8,2.65,1.540 - 1.550,No,No,,,",",",",",",,,",",",",",",",",,,,,,,,"Deaddiction, Remove Negativity",
Gemstones,GP27817,Amethyst - 3.24 carats,Natural Amethyst - 3.24 carats (GP27817) from Africa,amethyst-gp27817,,Unheated and Untreated (No Indications Observed),3.24,Amethyst,Faceted,,Violet,3.24 ct Amethyst (Jamunia) Natural Original Top Quality Lab Certified Gemstone of 3.24 carat (3.6 ratti) from Africa,Express Dispatch,19208,3.6,0,71039949,770.0000,,3.2400,301.0000,256.0000,Enabled,Jewellery Semiprecious,Amethyst,Natural,Oval,JBN Certified,10 Day Money-Back Returns*,Violet,Faceted,Not Calibrated,0 Business Days (+5 days for typical Jewellery; +14 days for Bracelet/Gold/CZ/Diamond Items),Amethyst - All,GP,Loose Gemstone,Africa,Single Stone,Natural Amethyst weighing 3.24 carat In Oval shape.,Natural Amethyst weighing 3.24 carats (3.6 ratti) from Africa,"Update carat wt on 07-Aug-2019, Product Relived by Pawan Sir on Aug-06-2021","Buy Natural Original Amethyst (Jamunia rashi ratna) for sale online, weighing 2.56 carats (roughly 2.75 ratti). The cost price of the stone is provided and its price per carat can be calculated by dividing the cost price by stone weight (2.56 carat). The stone is hence popularly also known as Amethyst, Jamunia. The stone origin (where it is mined from) is Africa. The stone is hence popularly also known as Amethyst, Jamunia.Amethyst has many benefits. This gem is stated to be Unheated & Untreated. The value of the stone is good considering its properties and effects. This gem is certified and its photos, video and lab certificate are available on our online store.",-1.0000,0,Amethyst - All-Faceted-Non Calibrated,/g/p/gp27817-1-121120.jpg,/g/p/gp27817-1-121120.jpg,/g/p/gp27817-hand-121120.jpg,2037d,2017-06-02 00:00:00,,,,,0,,,3 - Semi-Precious,300,,,,,,92.4,2.65,1.54-1.55,No,No,,,",",",",",",,,",",",",",",",",,,,http://www.jbngemtestinglab.com/,,,500,"Deaddiction, Remove Negativity",
Gemstones,GP27833,Amethyst - 3.95 carats,Natural Amethyst - 3.95 carats (GP27833) from Africa,amethyst-gp27833,,Unheated and Untreated (No Indications Observed),3.95,Amethyst,Faceted,11x11x6.40 mm,Violet,3.95 ct Amethyst (Jamunia) Natural Original Top Quality Lab Certified Gemstone of 3.95 carat (4.25 ratti) from Africa,Express Dispatch,19224,4.39,0,71039949,1650.0000,,3.9500,418.0000,395.0000,Enabled,Jewellery Semiprecious,Amethyst,Natural,Pear,JBN Certified,10 Day Money-Back Returns*,Violet,Faceted,Not Calibrated,0 Business Days (+5 days for typical Jewellery; +14 days for Bracelet/Gold/CZ/Diamond Items),Amethyst - All,GP,Loose Gemstone,Africa,Single Stone,Natural Amethyst weighing 3.95 carat In Pear shape.,Original Natural Amethyst weighing 3.95 carats (4.39 ratti) from Africa,,"Buy Natural Original Amethyst (Jamunia rashi ratna) for sale online, weighing 3.95 carats (roughly 4 ratti). The cost price of the stone is provided and its price per carat can be calculated by dividing the cost price by stone weight (3.95 carat). The stone is hence popularly also known as Amethyst, Jamunia. The stone origin (where it is mined from) is Africa. The stone is hence popularly also known as Amethyst, Jamunia.Amethyst has many benefits. This gem is stated to be Unheated & Untreated. The value of the stone is good considering its properties and effects. This gem is certified and its photos, video and lab certificate are available on our online store.",-2.0000,0,Amethyst - All-Faceted-Non Calibrated,/2/7/27833-1-190820.jpg,/2/7/27833-1-190820.jpg,/2/7/27833-hand-190820.jpg,2037d,2017-06-02 00:00:00,,,,,,,,3 - Semi-Precious,400,,,,,,0,,,No,No,,,",",",",",",,,",",",",",",",",,,,http://www.jbngemtestinglab.com/,,,1500,"Deaddiction, Remove Negativity",
Gemstones,GP28062,Amethyst - 17.34 Carats,Natural Certified Amethyst (Jamunia) - 17.34 Carats (GP28062) from Brazil,amethyst-gp28062,GP28062,Unheated and Untreated (No Indications Observed),17.34,Amethyst,Faceted,17.95x13.95x10.55 mm,Violet,17.34 ct Amethyst (Jamunia) Natural Original Top Quality Lab Certified Gemstone of 17.34 carat (19.25 ratti) from Brazil,Express Dispatch,19453,19.27,0,71039949,10400.0000,,17.3400,600.0000,1734.0000,Enabled,Jewellery Semiprecious,Amethyst,Natural,Oval,JBN Certified,10 Day Money-Back Returns*,Violet,Faceted,Not Calibrated,0 Business Days (+5 days for typical Jewellery; +14 days for Bracelet/Gold/CZ/Diamond Items),Amethyst - All,GP,Loose Gemstone,Brazil,Single Stone,Natural Amethyst weighing 17.34 carats in Oval shape.,Natural Amethyst weighing 17.34 carats (19.27 ratti) from Brazil,"Price Increase by 5% on 23-May-2022(messaged by NITIN SIR on Catalog Whatsaap Group on 13-may-2022)(Relive on 281223), Price update on 18-03-2025 done by Munna, Price update on 20-03-2025 done by Munna","Buy Natural Amethyst - All 17.34 for sale online, weighing carats (roughly 19.27 ratti). The cost price of the stone is provided and its per carat can be calculated by dividing weight (17.34 carat). has many benefits. This gem stated to Unheated Untreated. value good considering properties effects. certified photos, video lab certificate are available on our online store.",1.0000,1,Amethyst - All-Faceted-Non Calibrated,/g/p/gp28062-1-281223.jpg,/g/p/gp28062-1-281223.jpg,/g/p/gp28062-hand-281223.jpg,2026o,2017-06-06 00:00:00,,,,,0,,,3 - Semi-Precious,500,,,,,,1125,2.65,1.54-1.55,No,No,,,",",",",",",,,",",",",",",",",,1---_____0001ame_____-------thyst001.pdf,JBNGTL/829/18,http://www.jbngemtestinglab.com/,,,10000,"Deaddiction, Remove Negativity",MP
Gemstones,GP28076,Amethyst - 2.49 carats,Natural Amethyst - 2.49 carats (GP28076) from Africa,amethyst-gp28076,GP28076,Unheated and Untreated (No Indications Observed),2.48,Amethyst,Faceted,11.30x8.60x5.30 mm,Violet,2.49 ct Amethyst (Jamunia) Natural Original Top Quality Lab Certified Gemstone of 2.49 carat (2.75 ratti) from Africa,Express Dispatch,19467,2.76,0,71039949,1050.0000,,2.4900,423.0000,249.0000,Enabled,Jewellery Semiprecious,Amethyst,Natural,Oval,JBN Certified,10 Day Money-Back Returns*,Violet,Faceted,Not Calibrated,0 Business Days (+5 days for typical Jewellery; +14 days for Bracelet/Gold/CZ/Diamond Items),Amethyst - All,GP,Loose Gemstone,Africa,Single Stone,Natural Amethyst weighing 2.49 carat In Oval shape.,Natural Amethyst weighing 2.49 carats (2.77 ratti) from Africa,Price Increase by 5% on 23-May-2022(messaged by NITIN SIR on Catalog Whatsaap Group on 13-may-2022)out of stock by own inventry on 080223(Out of stock by Own Inventory on 201223),"Buy Natural Original Amethyst - All for sale online, weighing 2.77 carats (roughly 3 ratti). The cost price of the stone is provided and its price per carat can be calculated by dividing the cost price by stone weight (2.77 carat). The stone origin (where it is mined from) is Africa. The stone is hence popularly also known as Amethyst, Jamunia, Katela. Amethyst - All has many benefits. This gem is stated to be Unheated and Untreated. The value of the stone is good considering its properties and effects. This gem is certified and its photos, video and lab certificate are available on our online store.",0.0000,0,Amethyst - All-Faceted-Non Calibrated,/g/p/gp28076-1-121120_1.jpg,/g/p/gp28076-1-121120_1.jpg,/g/p/gp28076-hand-121120_1.jpg,2026n,2017-06-06 00:00:00,,,,,,,,3 - Semi-Precious,400,,,,,,157.5,2.65,1.54-1.55,No,No,,,",",",",",",,,",",",",",",",",,1---_____0001ame_____-------thyst001.pdf,,http://www.jbngemtestinglab.com/,,,1000,"Deaddiction, Remove Negativity",SP
Gemstones,GP29514,Amethyst - 7.80 Carats,Original Certified Amethyst (Jamunia) for Astrological Use - 7.80 Carats (GP29514) from Brazil,amethyst-gp29514,GP29514,Unheated and Untreated (No Indications Observed),7.8,Amethyst,Faceted,12.99x10.49x7.57 mm,Violet,7.8 ct Amethyst Natural Original Top Quality Lab Certified Gemstone of 7.8 carat (8.5 ratti) from Brazil,Express Dispatch,20865,8.67,0,71039949,5500.0000,,7.8000,705.0000,780.0000,Enabled,Jewellery Semiprecious,Amethyst,Natural,Octagonal,AGR Certified,10 Day Money-Back Returns*,Violet,Faceted,Not Calibrated,0 Business Days (+5 days for typical Jewellery; +14 days for Bracelet/Gold/CZ/Diamond Items),Amethyst - All,GP,Loose Gemstone,Brazil,Single Stone,Natural Amethyst weighing 7.8 carats in Octagonal shape.,Natural Amethyst weighing 7.8 carats (8.67 ratti) from Brazil,"0(Relive on 030124), Price update on 18-03-2025 done by Munna, Price update on 20-03-2025 done by Munna","Buy Natural Amethyst - All 7.8 for sale online, weighing 7.8 carats (roughly 8.5 ratti). The cost price of the stone is provided and its price per carat can be calculated by dividing the cost price by stone weight (7.8 carat). The stone origin (where it is mined from) is Brazil. The stone is hence popularly also known as . Amethyst has many benefits. This gem is stated to be Unheated and Untreated. The value of the stone is good considering its properties and effects. This gem is certified and its photos, video and lab certificate are available on our online store.",1.0000,1,Amethyst - All-Faceted-Non Calibrated,/g/p/gp29514-1-030124.jpg,/g/p/gp29514-1-030124.jpg,/g/p/gp29514-hand-030124.jpg,2074b,2024-01-03 00:00:00,,,,,0,,,3 - Semi-Precious,500,,,,,,,2.65,1.540 - 1.550,No,No,,,",",",",",",,,",",",",",",",",,,,,,,5500,"Deaddiction, Remove Negativity",MP
Gemstones,GP32749,Amethyst - 21.04 Carats,Natural Certified Amethyst (Jamunia) - 21.04 Carats (GP32749) from Brazil,amethyst-gp32749,GP32749,Unheated and Untreated (No Indications Observed),21.04,Amethyst,Faceted,20.90x16.30x9.40 mm,Violet,21.04 ct Amethyst (Jamunia) Natural Original Top Quality Lab Certified Gemstone of 21.04 carat (23.25 ratti) from Brazil,Express Dispatch,23566,23.38,0,71039949,14800.0000,,21.0400,703.0000,2104.0000,Enabled,Jewellery Semiprecious,Amethyst,Natural,Oval,JBN Certified,10 Day Money-Back Returns*,Violet,Faceted,Not Calibrated,0 Business Days (+5 days for typical Jewellery; +14 days for Bracelet/Gold/CZ/Diamond Items),Amethyst - All,GP,Loose Gemstone,Brazil,Single Stone,Natural Amethyst weighing 21.04 carats in Oval shape.,Natural Amethyst weighing 21.04 carats (23.38 ratti) from Brazil,"Price Increase by 5% on 23-May-2022(messaged by NITIN SIR on Catalog Whatsaap Group on 13-may-2022)(Active on 291223), Price update on 18-03-2025 done by Munna, Price update on 20-03-2025 done by Munna","Buy Natural Amethyst - All 21.04 for sale online, weighing carats (roughly 23.38 ratti). The cost price of the stone is provided and its per carat can be calculated by dividing weight (21.04 carat). has many benefits. This gem stated to Unheated Untreated. value good considering properties effects. certified photos, video lab certificate are available on our online store.",1.0000,1,Amethyst - All-Faceted-Non Calibrated,/g/p/gp32749-1-291223.jpg,/g/p/gp32749-1-291223.jpg,/g/p/gp32749-hand-291223.jpg,2120a17,2017-12-26 00:00:00,,,,,0,,,3 - Semi-Precious,500,,,,,,1710,2.65,1.54-1.55,No,No,,,",",",",",",,,",",",",",",",",,1---_____0001ame_____-------thyst001.pdf,JBNGTL/25904/19,http://www.jbngemtestinglab.com/,,,14500,"Deaddiction, Remove Negativity",MP
Gemstones - Config1,GEM-AMET-LUX-ANY,Amethyst - Luxury,Amethyst - Luxury Quality,amethyst-any-luxury-quality,,Unheated and Untreated (No Indications Observed),,,Faceted,,Violet,,,,,3,71039949,850.0000,,,0.0000,9.0000,Enabled,Jewellery Semiprecious,Amethyst,Natural,Oval,Free Lab Certificate,10 Day Money-Back Returns*,Violet,Mixed Cuts,Not Calibrated,3 Business Days (+5 days for typical Jewellery; +14 days for Bracelet/Gold Items),Amethyst - All,,Loose Gemstone,,Single Stone,"Allow our team of expert gemologists select a Natural Luxury Amethyst gemstone of Luxury Quality from our offline inventory of gemstones. The selected gemstone shall be of relatively the same quality as those shown in the sample photographs, with weight within -0.2ct to +0.5ct range from your selection. You can alternatively decide to browse through our collection of catalogued gemstones with photos and videos to select a gemstone of your own choice by going to the Amethyst category page",Excellent Colour / Excellent Clarity,0 (Out of stock by Own Inventory on 240625) (Out of stock by Own Inventory on 201125) (Out of stock by Own Inventory on 311225) (Out of stock by Own Inventory on 090326),,997.0000,1,,/g/e/gem-amet-lux-any-1-190822.jpg,/g/e/gem-amet-lux-any-1-190822.jpg,/g/e/gem-amet-lux-any-2-190822.jpg,,,,,,Luxury,0,,,3 - Semi-Precious,500,,,,,15,,2.65,1.540 - 1.550,No,No,,,",",",",",",,,",",",",",",",",,1---_____0001ame_____-------thyst001.pdf,,,,,,"Deaddiction, Remove Negativity",MP
Gemstones - Config1,GEM-AMET-LUX-EMER-CUT,Amethyst (Luxury) - Emerald Cut,Amethyst - Luxury Quality (Special Shape),amethyst-luxury-quality-emerald-cut,,Unheated and Untreated (No Indications Observed),,,Faceted,,,,,,,3,71039949,1300.0000,,,0.0000,10.0000,Enabled,Jewellery Semiprecious,Amethyst,Natural,Rectangle,Free Lab Certificate,10 Day Money-Back Returns*,Violet,Mixed Cuts,Not Calibrated,3 Business Days (+5 days for typical Jewellery; +14 days for Bracelet/Gold Items),Amethyst - All,,Loose Gemstone,,Single Stone,"Allow our team of expert gemologists select a Natural Luxury Amethyst gemstone of Luxury Quality (Special Shape) from our offline inventory of gemstones. The selected gemstone shall be of relatively the same quality as those shown in the sample photographs, with weight within -0.2ct to +0.5ct range from your selection. You can alternatively decide to browse through our collection of catalogued gemstones with photos and videos to select a gemstone of your own choice by going to the Amethyst category page.",Excellent Colour / Excellent Clarity,Disabled on 23 March 2017 - Not Available in Market ,,99777.0000,1,,/g/e/gem-amet-lux-emer-cut-1-190822.jpg,/g/e/gem-amet-lux-emer-cut-1-190822.jpg,/g/e/gem-amet-lux-emer-cut-2-190822.jpg,,,,,,Luxury,0,,,3 - Semi-Precious,1000,,,,,15,,2.65,1.540 - 1.550,No,No,,,",",",",",",,,",",",",",",",",,1---_____0001ame_____-------thyst001.pdf,,,,,,"Deaddiction, Remove Negativity",MP
Gemstones,GP11780,Black Opal - 17 Carats,Premium Certified Black Opal for Astrological Use - 17 Carats (GP11780) from Ethiopia,black-opal-gp11780,GP11780,Smoke Enhancement,17,Black Opal,Cabochon,22.68x16.34x7.64 mm,Black,17 ct Black Opal Natural Original Top Quality Lab Certified Gemstone of 17 carat (18.75 ratti) from Ethiopia,Express Dispatch,1721,18.89,0,71039990,21600.0000,,17.0000,1271.0000,1700.0000,Enabled,Jewellery Semiprecious,Opal,Natural,Oval,AGR Certified,10 Day Money-Back Returns*,Black,Cabochon,Not Calibrated,0 Business Days (+5 days for typical Jewellery; +14 days for Bracelet/Gold/CZ/Diamond Items),Opal with Fire (Treated - Black) - Ethiopia,GP,Loose Gemstone,Ethiopia,Single Stone,Natural Black Opal weighing 17 carats in Oval shape.,Natural Black Opal weighing 17 carats (18.89 ratti) from Ethiopia,"Update carat wt on 01-Jul-2019, Price Increase by 5% on 23-May-2022(messaged by NITIN SIR on Catalog Group update on 13-may-2022)(Relive on 010724), Price update on 07-06-2025 done by Munna","Buy Natural Opal with Fire (Treated - Black) Ethiopia 17.00 for sale online, weighing carats (roughly 18.89 ratti). The cost price of the stone is provided and its per carat can be calculated by dividing weight (17.00 carat). has many benefits. This gem stated to Smoke Enhancement. value good considering properties effects. certified photos, video lab certificate are available on our online store.",1.0000,1,Precious Opal (Enhanced) - Ethiopia-Cabochon-Non Calibrated,/g/p/gp11780-1-280624.jpg,/g/p/gp11780-1-280624.jpg,/g/p/gp11780-hand-280624.jpg,,2016-10-15 00:00:00,,,,,0,,,2 - Mid-Precious,1000,,,,,,3225,2.05,1.450 Spot,No,No,,,",",",",",",,,",",",",",",",",,00021--___Opal___--00021--.pdf,,http://www.agrl.in/searchcertificate.aspx?T=Stone&No=SA110410225,,,21500,"advancement in fine arts, Luxurious life",MP
Gemstones - Config1,GEM-EMER-PREM-SMALL-ZAMB,Emerald (Zambian)-Premium (Small),Emerald (Zambian) - Premium (Small) Quality,emerald-zambian-premium-small-quality,,Unheated and Untreated (Oiling Only),,,Faceted,,Green,,,,,1,71039130,2500.0000,,,0.0000,0.0500,Disabled,Jewellery Sapphire,Emerald,Natural,Oval,Free Lab Certificate,10 Day Money-Back Returns*,Green,Mixed Cuts,Not Calibrated,1 Business Days (+5 days for typical Jewellery; +14 days for Bracelet/Gold/CZ/Diamond Items),Emerald - Zambia,,,Zambia,Single Stone,"Allow our team of expert gemologists select a Natural Premium (Small) Emerald gemstone of Premium Quality from our offline inventory of gemstones. The selected gemstone shall be of relatively the same quality as those shown in the sample photographs, with weight within -0.2ct to +0.5ct range from your selection. You can alternatively decide to browse through our collection of catalogued gemstones with photos and videos to select a gemstone of your own choice by going to the Emerald category page. Note that Emeralds are comparatively soft gemstones due to which they may have minor scratches on the surface due to abrasion with any other stone or surface. This is completely normal and emeralds shipped by us too may have such minor scratches.",Medium Colour / Transparent-Translucent,,,99952.0000,1,,/g/e/GEM-EMER-PREM-SMALL-ZAMB-1-190405.jpg,/g/e/GEM-EMER-PREM-SMALL-ZAMB-1-190405.jpg,/g/e/GEM-EMER-PREM-SMALL-ZAMB-1-190405.jpg,,,,,,Premium,,,,,,,,,,,,,,No,No,,,",",",",",",,,",",",",",",",",,,,,,,,,
Gemstones,GP12270,Blue Kyanite - 6.41 Carats,Natural Certified Blue Kyanite - 6.41 Carats (GP12270) from Nepal,blue-kyanite-gp12270,GP12270,Unheated and Untreated (No Indications Observed),6.41,Blue Kyanite,Faceted,13.50x10.65x4.55 mm,Blue,6.41 ct Kyanite Natural Original Top Quality Lab Certified Gemstone of carat,Express Dispatch,1871,7.12,0,71039990,2000.0000,,6.4100,312.0000,641.0000,Enabled,Jewellery Semiprecious,Kyanite,Natural,Oval,JBN Certified,10 Day Money-Back Returns*,Blue,Faceted,Not Calibrated,0 Business Days (+5 days for typical Jewellery; +14 days for Bracelet/Gold/CZ/Diamond Items),Kyanite - Blue,GP,Loose Gemstone,Nepal,Single Stone,Natural Kyanite weighing 6.41 carats in Oval shape,Natural Kyanite weighing 6.41 carat from Nepal,Price Increase by 5% on 23-May-2022(messaged by NITIN SIR on Catalog Whatsaap Group on 13-may-2022)(Relive on 080324)(out of stock by own inventory on 251024)(Active on 251124-fms),"Buy Natural Kyanite - Blue 6.41 for sale online, weighing carats (roughly 7.12 ratti). The cost price of the stone is provided and its per carat can be calculated by dividing weight (6.41 carat). has many benefits. This gem stated to Unheated Untreated. value good considering properties effects. certified photos, video lab certificate are available on our online store.",1.0000,1,Kyanite - Blue-Faceted-Non Calibrated,/g/p/gp12270-1-30824.jpg,/g/p/gp12270-1-30824.jpg,/g/p/gp12270-hand-30824.jpg,,2016-10-15 00:00:00,,,,,0,,,3 - Semi-Precious,0,,,,,,300,3.7,1.716 - 1.731,No,No,,,",",",",",",,,",",",",",",",",,17--__00--Kyanite__--00017--.pdf,JBNGTL/3219/18,http://www.jbngemtestinglab.com/,,,2000,"Self Expression, Truthfulness",MP
Gemstones,GP12273,Blue Kyanite - 2.16 Carats,Original Certified Blue Kyanite for Astrological Use - 2.16 Carats (GP12273) from Nepal,blue-kyanite-gp12273,GP12273,Unheated and Untreated (No Indications Observed),2.16,Blue Kyanite,Faceted,11.20x7.00x2.60 mm,Blue,2.16 ct Blue Kyanite Natural Original Top Quality Lab Certified Gemstone of 2.16 carat (2.25 ratti) from Nepal,Express Dispatch,1874,2.4,0,71039990,1000.0000,,2.1600,463.0000,216.0000,Enabled,Jewellery Semiprecious,Kyanite,Natural,Oval,JBN Certified,10 Day Money-Back Returns*,Blue,Faceted,Not Calibrated,0 Business Days (+5 days for typical Jewellery; +14 days for Bracelet/Gold/CZ/Diamond Items),Kyanite - Blue,GP,Loose Gemstone,Nepal,Single Stone,Natural Blue Kyanite weighing 2.16 carats in Oval Shape,Natural Blue Kyanite weighing 2.16 carats (2.40 ratti) from Nepal,"Update carat wt on 03-Jun-2019, Price Increase by 5% on 23-May-2022(messaged by NITIN SIR on Catalog Group update on 13-may-2022)(Relive on 080324)(Relive on 020824)","Buy Natural Kyanite - Blue 2.16 for sale online, weighing carats (roughly 2.4 ratti). The cost price of the stone is provided and its per carat can be calculated by dividing weight (2.16 carat). has many benefits. This gem stated to Unheated Untreated. value good considering properties effects. certified photos, video lab certificate are available on our online store.",1.0000,1,Kyanite - Blue-Faceted-Non Calibrated,/g/p/gp12273-1-20824.jpg,/g/p/gp12273-1-20824.jpg,/g/p/gp12273-hand-20824.jpg,,2016-10-15 00:00:00,,,,,0,,,3 - Semi-Precious,400,,,,,,150,3.7,1.71-1.72,No,No,,,",",",",",",,,",",",",",",",",,17--__00--Kyanite__--00017--.pdf,JBNGTL/3221/18,http://www.jbngemtestinglab.com/,,,1000,"Self Expression, Truthfulness",MP
Gemstones,GP12278,Blue Kyanite - 2.84 Carats,Original Certified Blue Kyanite for Astrological Use - 2.84 Carats (GP12278) from Nepal,blue-kyanite-gp12278,GP12278,Unheated and Untreated (No Indications Observed),2.84,Blue Kyanite,Faceted,11.05x7.20x3.80 mm,Blue,2.84 ct Blue Kyanite Natural Original Top Quality Lab Certified Gemstone of 2.84 carat (3 ratti) from Nepal,Express Dispatch,1879,3.16,0,71039990,1000.0000,,2.8400,352.0000,284.0000,Enabled,Jewellery Semiprecious,Kyanite,Natural,Oval,JBN Certified,10 Day Money-Back Returns*,Blue,Faceted,Not Calibrated,0 Business Days (+5 days for typical Jewellery; +14 days for Bracelet/Gold/CZ/Diamond Items),Kyanite - Blue,GP,Loose Gemstone,Nepal,Single Stone,Natural Blue Kyanite weighing 2.84 carats in Oval Shape,Natural Blue Kyanite weighing 2.84 carats (3.16 ratti) from Nepal,Price Increase by 5% on 23-May-2022(messaged by NITIN SIR on Catalog Whatsaap Group on 13-may-2022)(Relive on 080324),"Buy Natural Kyanite - Blue 2.84 for sale online, weighing carats (roughly 3.16 ratti). The cost price of the stone is provided and its per carat can be calculated by dividing weight (2.84 carat). has many benefits. This gem stated to Unheated Untreated. value good considering properties effects. certified photos, video lab certificate are available on our online store.",1.0000,1,Kyanite - Blue-Faceted-Non Calibrated,/g/p/gp12278-1-30824.jpg,/g/p/gp12278-1-30824.jpg,/g/p/gp12278-hand-30824.jpg,,2016-10-15 00:00:00,,,,,0,,,3 - Semi-Precious,300,,,,,,150,3.7,1.71-1.72,No,No,,,",",",",",",,,",",",",",",",",,17--__00--Kyanite__--00017--.pdf,JBNGTL/3222/18,http://www.jbngemtestinglab.com/,,,1000,"Self Expression, Truthfulness",MP
Gemstones,GP12280,Blue Kyanite - 2.27 Carats,Premium Certified Blue Kyanite for Astrological Use - 2.27 Carats (GP12280) from Nepal,blue-kyanite-gp12280,GP12280,Unheated and Untreated (No Indications Observed),2.27,Blue Kyanite,Faceted,9.60x7.20x3.30 mm,Blue,2.27 ct Blue Kyanite Natural Original Top Quality Lab Certified Gemstone of 2.27 carat (2.5 ratti) from Nepal,Express Dispatch,1881,2.52,0,71039990,800.0000,,2.2700,352.0000,227.0000,Enabled,Jewellery Semiprecious,Kyanite,Natural,Oval,JBN Certified,10 Day Money-Back Returns*,Blue,Faceted,Not Calibrated,0 Business Days (+5 days for typical Jewellery; +14 days for Bracelet/Gold/CZ/Diamond Items),Kyanite - Blue,GP,Loose Gemstone,Nepal,Single Stone,Natural Blue Kyanite weighing 2.27 carats in Oval Shape,Natural Blue Kyanite weighing 2.27 carats (2.52 ratti) from Nepal,"Update carat wt on 03-Jun-2019, Price Increase by 5% on 23-May-2022(messaged by NITIN SIR on Catalog Group update on 13-may-2022)(Relive on 080324)(Relive on 020824)","Buy Natural Kyanite - Blue 2.27 for sale online, weighing carats (roughly 2.52 ratti). The cost price of the stone is provided and its per carat can be calculated by dividing weight (2.27 carat). has many benefits. This gem stated to Unheated Untreated. value good considering properties effects. certified photos, video lab certificate are available on our online store.",1.0000,1,Kyanite - Blue-Faceted-Non Calibrated,/g/p/gp12280-1-20824.jpg,/g/p/gp12280-1-20824.jpg,/g/p/gp12280-hand-20824.jpg,,2016-10-15 00:00:00,,,,,0,,,3 - Semi-Precious,300,,,,,,120,3.7,1.71-1.72,No,No,,,",",",",",",,,",",",",",",",",,17--__00--Kyanite__--00017--.pdf,JBNGTL/3220/18,http://www.jbngemtestinglab.com/,,,500,"Self Expression, Truthfulness",MP
Gemstones,GP12283,Blue Kyanite - 2.87 Carats,Premium Certified Blue Kyanite for Astrological Use - 2.87 Carats (GP12283) from Nepal,blue-kyanite-gp12283,GP12283,Unheated and Untreated (No Indications Observed),2.87,Blue Kyanite,Faceted,9.90x7.35x3.90 mm,Blue,2.87 ct Blue Kyanite Natural Original Top Quality Lab Certified Gemstone of 2.87 carat (3 ratti) from Nepal,Express Dispatch,1885,3.19,0,71039990,1200.0000,,2.8700,418.0000,287.0000,Enabled,Jewellery Semiprecious,Kyanite,Natural,Oval,JBN Certified,10 Day Money-Back Returns*,Blue,Faceted,Not Calibrated,0 Business Days (+5 days for typical Jewellery; +14 days for Bracelet/Gold/CZ/Diamond Items),Kyanite - Blue,GP,Loose Gemstone,Nepal,Single Stone,Natural Blue Kyanite weighing 2.87 carats in Oval Shape,Natural Blue Kyanite weighing 2.87 carats (3.19 ratti) from Nepal,"Update carat wt on 07-Aug-2019, Price Increase by 5% on 23-May-2022(messaged by NITIN SIR on Catalog Group update on 13-may-2022)(Relive on 080324)(Relive on 020824)","Buy Natural Kyanite - Blue 2.87 for sale online, weighing carats (roughly 3.19 ratti). The cost price of the stone is provided and its per carat can be calculated by dividing weight (2.87 carat). has many benefits. This gem stated to Unheated Untreated. value good considering properties effects. certified photos, video lab certificate are available on our online store.",1.0000,1,Kyanite - Blue-Faceted-Non Calibrated,/g/p/gp12283-1-20824.jpg,/g/p/gp12283-1-20824.jpg,/g/p/gp12283-hand-20824.jpg,,2016-10-15 00:00:00,,,,,0,,,3 - Semi-Precious,400,,,,,,180,3.7,1.71-1.72,No,No,,,",",",",",",,,",",",",",",",",,17--__00--Kyanite__--00017--.pdf,JBNGTL/38623/19,http://www.jbngemtestinglab.com/,,,1000,"Self Expression, Truthfulness",MP
Gemstones,GP12290,Blue Kyanite - 3.26 Carats,Natural Certified - 3.26 Carats Blue Kyanite (GP12290) from Nepal,blue-kyanite-gp12290,GP12290,Unheated and Untreated (No Indications Observed),3.26,Blue Kyanite,Faceted,12.20x7.65x3.50 mm,Blue,3.26ct Natural Blue Kyanite Original Top Quality Lab Certified 3.26 carats (3.5 ratti) Gemstone from Nepal,Express Dispatch,1893,3.62,0,71039990,1550.0000,,3.2600,475.0000,326.0000,Enabled,Jewellery Semiprecious,Kyanite,Natural,Oval,JBN Certified,10 Day Money-Back Returns*,Blue,Faceted,Not Calibrated,0 Business Days (+5 days for typical Jewellery; +14 days for Bracelet/Gold/CZ/Diamond Items),Kyanite - Blue,GP,Loose Gemstone,Nepal,Single Stone,Beautiful Natural Blue Kyanite weighing 3.26 carats in Oval Shape,Natural Blue Kyanite weighing 3.26 carats (3.62 ratti) from Nepal,Price Increase by 5% on 23-May-2022(messaged by NITIN SIR on Catalog Whatsaap Group on 13-may-2022)(Relive on 150324)(Relive on 020824),"Buy Natural Kyanite - Blue 3.26 for sale online, weighing carats (roughly 3.62 ratti). The cost price of the stone is provided and its per carat can be calculated by dividing weight (3.26 carat). has many benefits. This gem stated to Unheated Untreated. value good considering properties effects. certified photos, video lab certificate are available on our online store.",1.0000,1,Kyanite - Blue-Faceted-Non Calibrated,/g/p/gp12290-1-20824.jpg,/g/p/gp12290-1-20824.jpg,/g/p/gp12290-hand-20824.jpg,,2016-10-15 00:00:00,,,,,0,,,3 - Semi-Precious,400,,,,,,232.5,3.7,1.71-1.72,No,No,,,",",",",",",,,",",",",",",",",,17--__00--Kyanite__--00017--.pdf,JBNGTL/38621/19,http://www.jbngemtestinglab.com/,,,1500,"Self Expression, Truthfulness",MP
Gemstones,GP12342,Purplish Red Tourmaline 14x10 MM - 7.73 Carats,Natural Purplish Red Tourmaline 14x10 MM - 7.73 Carats (GP12342),tourmaline-gp12342,GP12342,Unheated and Untreated (No Indications Observed),7.73,Tourmaline,Faceted,13.78x10.29x7.44 mm,Red,7.73 ct Tourmaline Natural Original Top Quality Lab Certified Gemstone of carat,Express Dispatch,1741,8.59,0,71039951,5900.0000,,7.7300,763.0000,773.0000,Enabled,Jewellery Semiprecious,Tourmaline,Natural,Oval,GJSPC Certified,10 Day Money-Back Returns*,Purplish Red,Faceted,Calibrated,0 Business Days (+5 days for typical Jewellery; +14 days for Bracelet/Gold/CZ/Diamond Items),Tourmaline - Red,GP,Loose Gemstone,,Single Stone,Natural Tourmaline weighing 7.73 carats in Oval shape,Natural Tourmaline weighing 7.73 carat,Price Increase by 5% on 23-May-2022(messaged by NITIN SIR on Catalog Whatsaap Group on 13-may-2022),"Buy Natural Tourmaline - Red 7.73 for sale online, weighing carats (roughly 8.59 ratti). The cost price of the stone is provided and its per carat can be calculated by dividing weight (7.73 carat). has many benefits. This gem stated to Unheated Untreated. value good considering properties effects. certified photos, video lab certificate are available on our online store.",1.0000,1,Tourmaline - Red-Faceted-Calibrated,/g/p/gp12342-1-10524.jpg,/g/p/gp12342-1-10524.jpg,/g/p/gp12342-hand-10524.jpg,,2016-10-15 00:00:00,,,,,0,,,2 - Mid-Precious,500,,,,,,885,3.15,1.620 - 1.640,No,No,,,"14x10,",",",",",,,",",",",",",",",,,,,,,5500,,MP
Gemstones - Config1,GEM-EMER-SPREM-BRA,Emerald (Brazil) - Super Premium,Emerald (Brazil) - Super Premium Quality,emerald-brazil-super-premium-quality,,Unheated and Untreated (Oiling Only),,,Faceted,,Green,,,,,3,71039130,1600.0000,,,0.0000,0.0100,Disabled,Jewellery Sapphire,Emerald,Natural,Oval,Free Lab Certificate,10 Day Money-Back Returns*,Green,Faceted,Not Calibrated,3 Business Days (+5 days for typical Jewellery; +14 days for Bracelet/Gold Items),Emerald - Brazil,,,Brazil,Single Stone,"Allow our team of expert gemologists select a Natural Super Premium Emerald gemstone of Super Premium Quality from our offline inventory of gemstones. The selected gemstone shall be of relatively the same quality as those shown in the sample photographs, with weight within -0.2ct to +0.5ct range from your selection. You can alternatively decide to browse through our collection of catalogued gemstones with photos and videos to select a gemstone of your own choice by going to the Emerald category page. Note that Emeralds are comparatively soft gemstones due to which they may have minor scratches on the surface due to abrasion with any other stone or surface. This is completely normal and emeralds shipped by us too may have such minor scratches.",Medium - Good Colour / Opaque / Minor Dark Patterns,,,1.0000,1,,/g/e/GEM-EMER-SPREM-IND-1-190405.jpg,/g/e/GEM-EMER-SPREM-IND-1-190405.jpg,/g/e/GEM-EMER-SPREM-IND-2-190405.jpg,,,,,,Super Premium,0,,,2 - Mid-Precious,1500,,,,,0,,2.72,1.580 - 1.590,No,No,,,",",",",",",,,",",",",",",",",,,,,,,,"growth in business, Oratorship",
Gemstones,GP13171,Emerald - 6.57 Carats,Natural Emerald - 6.57 carats (GP13171) from Zambia,emerald-gp13171,GP13171,Unheated and Untreated (Oiling Only),6.57 ,Emerald,Faceted,12.85x9.64x8.55 mm,Green,6.57 ct Emerald Natural Original Top Quality Lab Certified Gemstone of 6.57 carat (7.5 ratti) from Zambia,Express Dispatch,4268,7.3,0,71039130,32700.0000,,6.5700,4844.0000,675.0000,Enabled,Jewellery Sapphire,Emerald,Natural,Oval,AGR Certified,10 Day Money-Back Returns*,Green,Faceted,Not Calibrated,0 Business Days (+5 days for typical Jewellery; +14 days for Bracelet/Gold/CZ/Diamond Items),Emerald - Zambia,GP,Loose Gemstone,Zambia,Single Stone,Natural Emerald weighing 6.57 carat In Oval shape.,Natural Emerald weighing 6.57 carats (7.5 ratti) from Zambia,"Relive on 12-14-2017 ( Pawan Sir), Price Increase by 20% on 23-May-2022(messaged by NITIN SIR on Catalog Group update on 13-may-2022)(Out of stock by Own Inventory on 100124)(Active on 300124-fms)(Out of stock by Own Invenrory on 170224)","Buy Natural Emerald - Zambia 6.57 for sale online, weighing 6.57 carats (roughly 7.5 ratti). The cost price of the stone is provided and its price per carat can be calculated by dividing the cost price by stone weight (6.57 carat). The stone origin (where it is mined from) is Zambia. The stone is hence popularly also known as . Emerald has many benefits. This gem is stated to be Unheated (Oiling). The value of the stone is good considering its properties and effects. This gem is certified and its photos, video and lab certificate are available on our online store.",0.0000,0,Emerald - Zambia-Faceted-Non Calibrated,/g/p/gp13171-1-191023.jpg,/g/p/gp13171-1-191023.jpg,/g/p/gp13171-hand-191023.jpg,0,2022-05-18 00:00:00,,,,,0,,,1 - Precious,4500,,,,,,4890,2.72,1.580 - 1.590,No,No,,,",",",",",",,,",",",",",",",",,,,https://www.agrl.in/searchcertificate.aspx?T=Stone&No=SA118011391,,,32000,"growth in business, Oratorship",P
Gemstones - Config1,GEM-RUBY-LUX-INDIA,Ruby (Indian) - Luxury,Ruby (Indian) - Luxury Quality,ruby-indian-luxury-quality,,Unheated and Untreated (No Indications Observed),,,Faceted,,,,,,,5,71039110,750.0000,,,0.0000,40.0000,Disabled,Jewellery Sapphire,Ruby,Natural,Oval,Free Lab Certificate,10 Day Money-Back Returns*,Red,Mixed Cuts,Not Calibrated,5 Business Days (+5 days for typical Jewellery; +14 days for Bracelet/Gold/CZ/Diamond Items),Ruby - India,,,India,Single Stone,"Allow our team of expert gemologists select a Natural Luxury Ruby gemstone of Luxury Quality from our offline inventory of gemstones. The selected gemstone shall be of relatively the same quality as those shown in the sample photographs, with weight within -0.2ct to +0.5ct range from your selection. You can alternatively decide to browse through our collection of catalogued gemstones with photos and videos to select a gemstone of your own choice by going to the Ruby category page",Very Good Colour / Opaque,,,1.0000,1,,/g/e/GEM-RUBY-LUX-INDIA-1-190405.jpg,/g/e/GEM-RUBY-LUX-INDIA-1-190405.jpg,/g/e/GEM-RUBY-LUX-INDIA-2-190405.jpg,,,,,,Luxury,0,,,3 - Semi-Precious,500,,,,,0,,4,1760 - 1.770 ,No,No,,,",",",",",",,,",",",",",",",",,,,,,,,Professional and Academic Success,
Gemstones,GP13781,Turquoise - 4.10 carats,Natural Turquoise - 4.10 carats (GP13781) from Iran,turquoise-gp13781,GP13781,Unheated and Untreated (No Indications Observed),4.1,Turquoise,Cabochon,18.10x10.50x3.33 mm,Blue,4.1 ct Turquoise (Firoza) Natural Original Top Quality Lab Certified Gemstone of 4.1 carat (4.5 ratti) from Iran,Express Dispatch,5243,4.56,0,71039990,2950.0000,,4.1000,720.0000,410.0000,Enabled,Jewellery Semiprecious,Turquoise,Natural,Pear,ITLGJ Certified,10 Day Money-Back Returns*,Blue,Cabochon,Not Calibrated,0 Business Days (+5 days for typical Jewellery; +14 days for Bracelet/Gold/CZ/Diamond Items),Turquoise (Iran),GP,Loose Gemstone,Iran,Single Stone,Natural Turquoise weighing 4.10 carats in Pear Shape. Turquoise Will be Polished from one side and will be in rough form from the back side because it is a soft stone.So that focus is only in insuring that it looks from the front side,Natural Turquoise weighing 4.10 carats (4.56 ratti) from Iran,"Update carat wt on 03-Jun-2019, Price Increase by 5% on 23-May-2022(messaged by NITIN SIR on Catalog Group update on 13-may-2022)(Out of stock by own inventry on 181023-uk)","Buy Natural Original Turquoise (Iran) for sale online, weighing 4.56 carats (roughly 5 ratti). The cost price of the stone is provided and its price per carat can be calculated by dividing the cost price by stone weight (4.56 carat). The stone origin (where it is mined from) is Iran. The stone is hence popularly also known as Iranian Turquoise. Turquoise (Iran) has many benefits. This gem is stated to be Unheated and Untreated. The value of the stone is good considering its properties and effects. This gem is certified and its photos, video and lab certificate are available on our online store.",0.0000,0,Turquoise (Iran)-Cabochon-Non Calibrated,/g/p/gp13781-1-191115.jpg,/g/p/gp13781-1-191115.jpg,/g/p/gp13781-itlgj-certified-191115.jpg,,2016-12-15 00:00:00,,,,,0,,,3 - Semi-Precious,500,,,,,,442.5,2.75,1.61 Spot,No,No,,,",",",",",",,,",",",",",",",",,000033---Turqu--__oise0000333-----___.pdf,,,,,2500,,SP
Gemstones,GP13978,Emerald - 3.77 Carats,Natural Certified - 3.77 Carats Emerald (Panna) (GP13978) from Brazil,emerald-gp13978,GP13978,Unheated and Untreated (Oiling Only),3.77,Emerald,Faceted,12.08x8.63x4.63 mm,Green,3.77 ct Emerald (Panna) Natural Original Top Quality Lab Certified Gemstone of 3.77 carat (4 ratti) from Brazil,Express Dispatch,5436,4.19,0,71039130,25300.0000,,3.7700,6711.0000,377.0000,Enabled,Jewellery Semiprecious,Emerald,Natural,Octagonal,ITLGJ Certified,10 Day Money-Back Returns*,Green,Faceted,Not Calibrated,0 Business Days (+5 days for typical Jewellery; +14 days for Bracelet/Gold/CZ/Diamond Items),Emerald - Brazil,GP,Loose Gemstone,Brazil,Single Stone,Natural Emerald weighing 3.77 carats in Octagonal Shape,Natural Emerald weighing 3.77 carats (4.19 ratti) from Brazil,"Price Uptade by Sunil Sir on 03-05-2021 by 10% (Massage on Hangout Group), Price Increase by 20% on 23-May-2022(messaged by NITIN SIR on Catalog Group update on 13-may-2022), Price Update by Shani after Audit Price Mismatch on Inventory on 270423(Relive on 150624), Price update on 12-09-2024 done by Munna","Buy Natural Emerald - Brazil 3.77 for sale online, weighing carats (roughly 4.19 ratti). The cost price of the stone is provided and its per carat can be calculated by dividing weight (3.77 carat). has many benefits. This gem stated to Unheated (Oiling). value good considering properties effects. certified photos, video lab certificate are available on our online store.",1.0000,1,Emerald - Brazil-Faceted-Non Calibrated,/g/p/gp13978-1-150624.jpg,/g/p/gp13978-1-150624.jpg,/g/p/gp13978-hand-150624.jpg,Not Available,2016-12-15 00:00:00,,,,,0,,,2 - Mid-Precious,6500,,,,,,2235,2.72,1.580 - 1.590,No,No,,,",",",",",",,,",",",",",",",",,11---___Emerald0011_-_____----.pdf,SLA373322511,https://www.itlgj.com/searchcertificate.aspx?No=SLA373322511&T=Stone,,,25000,"growth in business, Oratorship",MP
Gemstones,GP14207,Sunstone - 2.66 Carats,Natural Certified - 2.66 Carats Sunstone,sunstone-gp14207,GP14207,Unheated and Untreated (No Indications Observed),2.66,Sunstone,Cabochon,10.60x7.46x4.43 mm,Brown,2.66 ct Sunstone Natural Original Top Quality Lab Certified Gemstone of 2.66 carat (2.75 ratti),Express Dispatch,5665,2.96,0,71039929,1600.0000,,2.6600,602.0000,266.0000,Enabled,Jewellery Semiprecious,Sunstone,Natural,Oval,ITLGJ Certified,10 Day Money-Back Returns*,Brown,Cabochon,Not Calibrated,0 Business Days (+5 days for typical Jewellery; +14 days for Bracelet/Gold/CZ/Diamond Items),Sunstone - All,GP,Loose Gemstone,,Single Stone,Natural Sunstone weighing 2.66 carats in Oval Shape,Natural Sunstone weighing 2.66 carats (2.96 ratti),Price Increase by 5% on 23-May-2022(messaged by NITIN SIR on Catalog Whatsaap Group on 13-may-2022)(Relive on 200624),"Buy Natural Sunstone - All 2.66 for sale online, weighing carats (roughly 2.96 ratti). The cost price of the stone is provided and its per carat can be calculated by dividing weight (2.66 carat). has many benefits. This gem stated to Unheated Untreated. value good considering properties effects. certified photos, video lab certificate are available on our online store.",1.0000,1,Sunstone - All-Cabochon-Non Calibrated,/g/p/gp14207-1-200624.jpg,/g/p/gp14207-1-200624.jpg,/g/p/gp14207-hand-200624.jpg,Not Available,2016-12-15 00:00:00,,,,,0,,,3 - Semi-Precious,500,,,,,,240,2.6,1.53 Spot,No,No,,,",",",",",",,,",",",",",",",",,000031000____Sunstone---000310000---.pdf,SLA374923362,https://www.itlgj.com/searchcertificate.aspx?No=SLA374923362&T=Stone,,,1500,,MP
Gemstones,GP14209,Sunstone - 2.86 Carats,Premium Certified Sunstone for Astrological Use - 2.86 Carats,sunstone-gp14209,GP14209,Unheated and Untreated (No Indications Observed),2.86,Sunstone,Cabochon,8.63x7.72x5.62 mm,Brown,2.86 ct Sunstone Natural Original Top Quality Lab Certified Gemstone of 2.86 carat (3 ratti),Express Dispatch,5667,3.18,0,71039929,1700.0000,,2.8600,594.0000,286.0000,Enabled,Jewellery Semiprecious,Sunstone,Natural,Round,ITLGJ Certified,10 Day Money-Back Returns*,Brown,Cabochon,Not Calibrated,0 Business Days (+5 days for typical Jewellery; +14 days for Bracelet/Gold/CZ/Diamond Items),Sunstone - All,GP,Loose Gemstone,,Single Stone,Natural Sunstone weighing 2.86 carats in Round Shape,Natural Sunstone weighing 2.86 carats (3.18 ratti),Price Increase by 5% on 23-May-2022(messaged by NITIN SIR on Catalog Whatsaap Group on 13-may-2022)(Relive on 200624),"Buy Natural Sunstone - All 2.86 for sale online, weighing carats (roughly 3.18 ratti). The cost price of the stone is provided and its per carat can be calculated by dividing weight (2.86 carat). has many benefits. This gem stated to Unheated Untreated. value good considering properties effects. certified photos, video lab certificate are available on our online store.",1.0000,1,Sunstone - All-Cabochon-Non Calibrated,/g/p/gp14209-1-200624.jpg,/g/p/gp14209-1-200624.jpg,/g/p/gp14209-hand-200624.jpg,Not Available,2016-12-15 00:00:00,,,,,0,,,3 - Semi-Precious,500,,,,,,255,2.6,1.53 Spot,No,No,,,",",",",",",,,",",",",",",",",,000031000____Sunstone---000310000---.pdf,SLA374923364,https://www.itlgj.com/searchcertificate.aspx?No=SLA374923364&T=Stone,,,1500,,MP
Gemstones,GP14213,Sunstone - 2.30 Carats,Natural Certified - 2.30 Carats Sunstone,sunstone-gp14213,GP14213,Unheated and Untreated (No Indications Observed),2.3,Sunstone,Cabochon,14.35x6.15x3.84 mm,Brown,2.3 ct Sunstone Natural Original Top Quality Lab Certified Gemstone of 2.3 carat (2.5 ratti),Express Dispatch,5671,2.56,0,71039929,1350.0000,,2.3000,587.0000,230.0000,Enabled,Jewellery Semiprecious,Sunstone,Natural,Marquise,ITLGJ Certified,10 Day Money-Back Returns*,Brown,Cabochon,Not Calibrated,0 Business Days (+5 days for typical Jewellery; +14 days for Bracelet/Gold/CZ/Diamond Items),Sunstone - All,GP,Loose Gemstone,,Single Stone,Natural Sunstone weighing 2.3 carats in Marquise Shape,Natural Sunstone weighing 2.30 carats (2.56 ratti),Price Increase by 5% on 23-May-2022(messaged by NITIN SIR on Catalog Whatsaap Group on 13-may-2022)(Relive on 190624),"Buy Natural Sunstone - All 2.30 for sale online, weighing carats (roughly 2.56 ratti). The cost price of the stone is provided and its per carat can be calculated by dividing weight (2.30 carat). has many benefits. This gem stated to Unheated Untreated. value good considering properties effects. certified photos, video lab certificate are available on our online store.",1.0000,1,Sunstone - All-Cabochon-Non Calibrated,/g/p/gp14213-1-190624.jpg,/g/p/gp14213-1-190624.jpg,/g/p/gp14213-hand-190624.jpg,Not Available,2016-12-15 00:00:00,,,,,0,,,3 - Semi-Precious,500,,,,,,202.5,2.6,1.53 Spot,No,No,,,",",",",",",,,",",",",",",",",,000031000____Sunstone---000310000---.pdf,SLA374923368,https://www.itlgj.com/searchcertificate.aspx?No=SLA374923368&T=Stone,,,1000,,MP
Gemstones,GP13672,Bloodstone - 8.23 carats,Certified Bloodstone 8.23 carat Oval,bloodstone-gp13672,GP13672,Unheated and Untreated (No Indications Observed),8.23,Bloodstone,Faceted,15.60x11.55x6.90 mm,Bi Color,8.23 ct Bloodstone Natural Original Top Quality Lab Certified Gemstone of 8.23 carat (9 ratti),Express Dispatch,5134,9.14,0,71039949,1800.0000,,8.2300,219.0000,823.0000,Enabled,Jewellery Semiprecious,Bloodstone,Natural,Oval,JBN Certified,10 Day Money-Back Returns*,Bi-Color,Faceted,Not Calibrated,0 Business Days (+5 days for typical Jewellery; +14 days for Bracelet/Gold/CZ/Diamond Items),Bloodstone - All,GP,Loose Gemstone,,Single Stone,Natural Bloodstone weighing 8.23 carats in Oval Shape,Natural Bloodstone weighing 8.23 carats (9.14 ratti),Price Increase by 5% on 23-May-2022(messaged by NITIN SIR on Catalog Whatsaap Group on 13-may-2022)(Out of stock by Own inventory on 120724),"Buy Natural Original Bloodstone - All for sale online, weighing 9.14 carats (roughly 10 ratti). The cost price of the stone is provided and its price per carat can be calculated by dividing the cost price by stone weight (9.14 carat). Bloodstone - All has many benefits. This gem is stated to be Unheated and Untreated. The value of the stone is good considering its properties and effects. This gem is certified and its photos, video and lab certificate are available on our online store.",0.0000,0,Bloodstone - All-Faceted-Non Calibrated,/g/p/gp13672-1-190918.jpg,/g/p/gp13672-1-190918.jpg,/g/p/gp13672-jbn-certified-190918.jpg,,2020-10-15 00:00:00,,,,,0,,,3 - Semi-Precious,200,,,,,,270,2.6,1.54-1.55,No,No,,,",",",",",",,,",",",",",",",",,4--___Blood--___stone_-004---___.pdf,,http://www.jbngemtestinglab.com/,,,1500,,MP
Gemstones,GP13689,Bloodstone - 7.40 carats,Natural Bloodstone - 7.40 carats (GP13689),bloodstone-gp13689,,Unheated and Untreated (No Indications Observed),7.4,Bloodstone,Faceted,15.5 x 11.9 x 5.7 mm,Green,Bloodstone 7.40ct Natural Original Top Quality Lab Certified 7.40 carats (8.25 ratti) Gemstone ,Express Dispatch,5151,8.22,0,71039949,1330.0000,,7.4000,180.0000,741.0000,Enabled,Jewellery Semiprecious,Bloodstone,Natural,Oval,JBN Certified,10 Day Money-Back Returns*,Green,Faceted,Not Calibrated,0 Business Days (+5 days for typical Jewellery; +14 days for Bracelet/Gold/CZ/Diamond Items),Bloodstone - All,GP,Loose Gemstone,,Single Stone,Beautiful Natural Bloodstone weighing 7.40 carats in Oval Shape,Beautiful Natural Bloodstone weighing 7.40 carats (8.22ratti),,"Buy Natural original Bloodstone loose gemstone for sale online weighing 7.40 carats (roughly 8.25 ratti). The cost price of this stone is provided, and the price per carat can be calculated by dividing the price with the weight (7.40 carats).Bloodstone has many benefits. This gem is stated to be Unheated & Untreated . The value of this gemstone is good considering its properties and effects. This Bloodstone is certified and photos, videos, lab certificate for this stone are available in our online store.",-1.0000,0,Bloodstone - All-Faceted-Non Calibrated,/g/p/gp13689-1.jpg,/g/p/gp13689-1.jpg,/g/p/gp13689-JBN-Certified.jpg,,2020-10-15 00:00:00,,,,,0,,,3 - Semi-Precious,,,,,,,0,,,No,No,,,",",",",",",,,",",",",",",",",,,,http://www.jbngemtestinglab.com/,,,,,
Gemstones,GP13702,Bloodstone - 3.88 carats,Natural Bloodstone - 3.88 carats (GP13702),bloodstone-gp13702,GP13702,Unheated and Untreated (No Indications Observed),3.88,Bloodstone,Faceted,12.94x9.55x4.82 mm,Green,3.88 ct Bloodstone Natural Original Top Quality Lab Certified Gemstone of 3.88 carat (4.25 ratti),Express Dispatch,5164,4.31,0,71039949,840.0000,,3.8800,216.0000,764.0000,Enabled,Jewellery Semiprecious,Bloodstone,Natural,Oval,AGR Certified,10 Day Money-Back Returns*,"Green, Red Spots",Faceted,Not Calibrated,0 Business Days (+5 days for typical Jewellery; +14 days for Bracelet/Gold/CZ/Diamond Items),Bloodstone - All,GP,Loose Gemstone,,Single Stone,Natural Bloodstone weighing 3.88 carat In 0 shape.,Natural Bloodstone weighing 3.88 carats (4.31 ratti),"remove by  shani on 5-6-20, Price Increase by 5% on 23-May-2022(messaged by NITIN SIR on Catalog Group update on 13-may-2022)(Out of stock by Own inventory on 250424-fms), ","Buy Natural Original Bloodstone for sale online, weighing 3.88 carats (roughly 4.25 ratti). The cost price of the stone is provided and its price per carat can be calculated by dividing the cost price by stone weight (3.88 carat). Bloodstone has many benefits. This gem is stated to be Unheated and Untreated. The value of the stone is good considering its properties and effects. This gem is certified and its photos, video and lab certificate are available on our online store.",0.0000,0,Bloodstone - All-Faceted-Non Calibrated,/g/p/gp13702-1-180820.jpg,/g/p/gp13702-1-180820.jpg,/g/p/gp13702-agr-certified-180820.jpg,0,2022-02-26 00:00:00,,,,,0,,,3 - Semi-Precious,200,,,,,,126,2.6,1.540 Spot ,No,No,,,",",",",",",,,",",",",",",",",,,,https://www.agrl.in/searchcertificate.aspx?T=Stone&No=SA176023823,,,500,,MP
Gemstones,GP12412,Tanzanite 9x7 MM - 2.73 Carats (DELUXE),Premium Certified Tanzanite 9x7 MM (DELUXE) for Astrological Use - 2.73 Carats (GP12412) from Tanzania,tanzanite-gp12412,GP12412,Heated (Tanzanite is always heat treated),2.73,Tanzanite,Faceted,8.73x7.09x4.80 mm,Blue,IGI Certified 2.73 ct Tanzanite Natural Top Quality Lab Certified Gemstone of 2.73 carat (3 ratti),Express Dispatch,2800,3.03,0,71039952,36300.0000,,2.7300,13297.0000,273.0000,Enabled,Jewellery Sapphire,Tanzanite,Natural,Octagonal,IGI Certified,10 Day Money-Back Returns*,Violetish Blue,Faceted,Calibrated,0 Business Days (+5 days for typical Jewellery; +14 days for Bracelet/Gold/CZ/Diamond Items),Tanzanite - All,GP,Loose Gemstone,Tanzania,Single Stone,Natural Tanzanite 9X7 MM weighing 2.73 carats in Octagonal shape.,Natural Tanzanite 9X7 MM weighing 2.73 carats (3.03 ratti) from Tanzania,"Relive by Shani on 230322, Price Increase by 5% on 23-May-2022(messaged by NITIN SIR on Catalog Group update on 13-may-2022)(Relive on 180724), Price update on 07-06-2025 done by Munna","Buy Natural Tanzanite for sale online, weighing 2.73 carats (roughly 3 ratti). The cost price of the stone is provided and its price per carat can be calculated by dividing the cost price by stone weight (2.73 carat). Tanzanite has many benefits. This gem is stated to be Heated. The value of the stone is good considering its properties and effects. This gem is certified and its photos, video and lab certificate are available on our online store.",1.0000,1,Tanzanite - All-Faceted- Calibrated,/g/p/gp12412-1-180724.jpg,/g/p/gp12412-1-180724.jpg,/g/p/gp12412-hand-180724.jpg,,2020-10-15 00:00:00,,igi-certified,,,0,,,1 - Precious,13000,,,,,,,0,1.690 - 1.700,No,No,,,"9x7,",",",",",,,"Deluxe,",",",",",",",,,,https://www.igi.org/reports/verify-your-report?r=389929495,,,36000,,MP
Gemstones,GP14675,Moss Agate 10X8 MM - 2.20 carats,Certified Moss Agate 2.2 carat Oval,agate-gp14675,GP14675,Unheated and Untreated (No Indications Observed),2.2,Agate,Cabochon,9.85x8.00x5.10  mm,Green,2.20 ct Moss Agate Natural Original Top Quality Lab Certified Gemstone of 2.20 carat (2.25 ratti) from Sri Lanka (Ceylon),Express Dispatch,6109,2.44,0,71039942,1100.0000,,2.2000,500.0000,220.0000,Enabled,Jewellery Semiprecious,Agate,Natural,Oval,JBN Certified,10 Day Money-Back Returns*,Green,Cabochon,Calibrated,0 Business Days (+5 days for typical Jewellery; +14 days for Bracelet/Gold/CZ/Diamond Items),Agate - Moss,GP,Loose Gemstone,Sri Lanka (Ceylon),Single Stone,Natural Moss Agate 10X8 MM weighing 2.20 carat In Oval shape.,Natural Moss Agate 10X8 MM weighing 2.20 carats (2.44 ratti) from Sri Lanka (Ceylon),Update carat wt. on 02-Jan-2020out of stock by own inventry on 070223Out of stock again on 130223(Already out of stock pcs - 'Out of stock by vivek sir on 100924'),"Buy Natural Moss Agate for sale online, weighing 2.20 carats (roughly 2.25 ratti). The cost price of the stone is provided and its price per carat can be calculated by dividing the cost price by stone weight (2.20 carat). The stone origin (where it is mined from) is Sri Lanka (Ceylon). The stone is hence popularly also known as akik. Agate has many benefits. This gem is stated to be Unheated and Untreated. The value of the stone is good considering its properties and effects. This gem is certified and its photos, video and lab certificate are available on our online store.",0.0000,0,Agate - Moss-Cabochon- Calibrated,/1/4/14675-1-190918.jpg,/1/4/14675-1-190918.jpg,/g/p/gp14675-jbn-certified-200118.jpg,wssd,2021-10-08 00:00:00,,,,,0,,,3 - Semi-Precious,500,,,,,,165,2.6,1.540 Spot ,No,No,,,"10x8,",",",",",,,",",",",",",",",,,,http://www.jbngemtestinglab.com/,,,1000,,MP
Gemstones,GP14684,Moss Agate - 23.30 carats,Certified Moss Agate 23.3 carat Oval,agate-gp14684,GP14684,Unheated and Untreated (No Indications Observed),23.3,Agate,Cabochon,26.30x18.80x5.80 mm,Bi Color,23.3 ct Moss Agate Natural Original Top Quality Lab Certified Gemstone of 23.3 carat (25.75 ratti),Express Dispatch,6118,25.89,0,71039942,3050.0000,,23.3000,131.0000,2330.0000,Enabled,Jewellery Semiprecious,Agate,Natural,Oval,JBN Certified,10 Day Money-Back Returns*,White Green (Bi-Color),Cabochon,Not Calibrated,0 Business Days (+5 days for typical Jewellery; +14 days for Bracelet/Gold/CZ/Diamond Items),Agate - Moss,GP,Loose Gemstone,,Single Stone,Natural Moss Agate weighing 23.3 carats in Oval Shape,Natural Moss Agate weighing 23.30 carats (25.89 ratti),Price Increase by 5% on 23-May-2022(messaged by NITIN SIR on Catalog Whatsaap Group on 13-may-2022)(relive on 070624)(Out of stock by own inventory on 050924),"Buy Natural Original Moss Agate for sale online, weighing 25.89 carats (roughly 28.75 ratti). The cost price of the stone is provided and its price per carat can be calculated by dividing the cost price by stone weight (25.89 carat). Agate - Moss has many benefits. This gem is stated to be Unheated and Untreated. The value of the stone is good considering its properties and effects. This gem is certified and its photos, video and lab certificate are available on our online store.",0.0000,0,Agate-Moss-Cabochon-Non Calibrated,/g/p/gp14684-1-70624.jpg,/g/p/gp14684-1-70624.jpg,/g/p/gp14684-hand-70624.jpg,Not Available,2021-02-15 00:00:00,,,,,0,,,3 - Semi-Precious,100,,,,,,457.5,2.6,1.535-1.539,No,No,,,",",",",",",,,",",",",",",",",,,,http://www.jbngemtestinglab.com/,,,3000,,MP
Gemstones,GP14879,Pitambari Neelam - 3.15 Carats,Natural Pitambari Neelam - 3.15 carats (GP14879) from Sri Lanka (Ceylon),pitambari-neelam-gp14879,GP14879,Unheated and Untreated (No Indications Observed),3.15,Pitambari Neelam,Faceted,8.18x7.19x5.29 mm,Pitambari,3.15 ct Pitambari Neelam Natural Original Top Quality Lab Certified Gemstone of 3.15 carat (3.5 ratti) from Sri Lanka (Ceylon),Express Dispatch,6307,3.50,0,71039120,26800.0000,,3.1500,8508.0000,315.0000,Enabled,Jewellery Sapphire,Pitambari Neelam,Natural,Oval,ITLGJ Certified,10 Day Money-Back Returns*,Blue/Yellow,Faceted,Not Calibrated,0 Business Days (+5 days for typical Jewellery; +14 days for Bracelet/Gold/CZ/Diamond Items),Pitambari Neelam - Sri Lanka,GP,Loose Gemstone,Sri Lanka (Ceylon),Single Stone,Natural Pitambari Neelam weighing 3.15 carat In Oval shape.,Natural Pitambari Neelam weighing 3.15 carats (3.5 ratti) from Sri Lanka (Ceylon),"Price Increase by 20% on 23-May-2022(messaged by NITIN SIR on Catalog Whatsaap Group on 13-may-2022), Price Update by Shani after Audit Price Mismatch on Inventory on 270423(Out of stock by Own Inventory on 300124)","Buy Natural Pitambari Neelam - Sri Lanka 3.15 for sale online, weighing 3.15 carats (roughly 3.5 ratti). The cost price of the stone is provided and its price per carat can be calculated by dividing the cost price by stone weight (3.15 carat). The stone origin (where it is mined from) is Sri Lanka (Ceylon). The stone is hence popularly also known as . Pitambari Neelam has many benefits. This gem is stated to be Unheated and Untreated. The value of the stone is good considering its properties and effects. This gem is certified and its photos, video and lab certificate are available on our online store.",0.0000,0,Pitambari Neelam - Sri Lanka-Faceted-Non Calibrated,/g/p/gp14879-1-181023.jpg,/g/p/gp14879-1-181023.jpg,/g/p/gp14879-hand-181023.jpg,0,2021-02-09 00:00:00,,,,,0,,,1 - Precious,8500,,,,,,3405,4,1.760 - 1.770 ,No,No,,,",",",",",",,,",",",",",",",",,24--____Pitambari---Neelam__00024__----000.pdf,,,,,26000,"Good in litigations, Spiritual Growth",MP
Gemstones,GP14943,Emerald - 8.74 Carats,Natural Emerald - 8.74 carats (GP14943) from Zambia,emerald-gp14943,GP14943,Unheated and Untreated (Oiling Only),8.74,Emerald,Faceted,14.43x10.52x5.51 mm,Green,8.74 ct Emerald Natural Original Top Quality Lab Certified Gemstone of 8.74 carat (9.52 ratti) from Zambia,Express Dispatch,6367,9.71,0,71039130,141500.0000,,8.7400,16061.0000,881.0000,Enabled,Jewellery Sapphire,Emerald,Natural,Octagonal,IGI Certified,10 Day Money-Back Returns*,Green,Faceted,Not Calibrated,0 Business Days (+5 days for typical Jewellery; +14 days for Bracelet/Gold/CZ/Diamond Items),Emerald - Zambia,GP,Loose Gemstone,Zambia,Single Stone,Natural Emerald weighing 8.74 carat In Octagonal shape.,Natural Emerald weighing 8.74 carats (9.52 ratti) from Zambia,"Relived by Shani On 25-08-2019,Price Increased by nitin sir from 14699 per carat to 15210 per carat(Out of stock by Own Inventory on 190324)","Buy Natural Emerald - Zambia 8.81 for sale online, weighing 8.74 carats (roughly 9.52 ratti). The cost price of the stone is provided and its price per carat can be calculated by dividing the cost price by stone weight (8.74 carat). The stone origin (where it is mined from) is Zambia. The stone is hence popularly also known as . Emerald has many benefits. This gem is stated to be Unheated (Oiling). The value of the stone is good considering its properties and effects. This gem is certified and its photos, video and lab certificate are available on our online store.",-1.0000,0,Emerald - Zambia-Faceted-Non Calibrated,/g/p/gp14943-1-191023.jpg,/g/p/gp14943-1-191023.jpg,/g/p/gp14943-hand-191023.jpg,0,2021-02-22 00:00:00,,igi-certified,,,0,,,1 - Precious,16000,,,,,,21225,2.72,1.580 - 1.590,No,No,,,",",",",",",,,",",",",",",",",,,,https://www.igi.org/reports/verify-your-report?r=239694697,,,140000,"growth in business, Oratorship",P
Gemstones,GP15072,Blue Sapphire - 4.90 Carats,Certified Blue Sapphire 4.9 carat Oval,blue-sapphire-gp15072,GP15072,Unheated and Untreated (No Indications Observed),4.9,Blue Sapphire,Faceted,8.62x7.85x7.27 mm,Blue,4.9 ct Blue Sapphire Natural Original Top Quality Lab Certified Gemstone of 4.9 carat (5.25 ratti),Express Dispatch,6496,5.44,0,71039120,47400.0000,,4.9000,10347.0000,490.0000,Enabled,Jewellery Sapphire,Blue Sapphire,Natural,Oval,AGR Certified,10 Day Money-Back Returns*,Blue,Faceted,Not Calibrated,0 Business Days (+5 days for typical Jewellery; +14 days for Bracelet/Gold/CZ/Diamond Items),Blue Sapphire - Sri Lanka,GP,Loose Gemstone,Sri Lanka (Ceylon),Single Stone,Natural Blue Sapphire weighing 4.9 carat In Oval shape.,Natural Blue Sapphire weighing 4.9 carats (5.44 ratti),"Price Increase by 20% on 23-May-2022(messaged by NITIN SIR on Catalog Whatsaap Group on 13-may-2022), Price Update by Shani after Audit Price Mismatch on Inventory on 270423 (Relive on 101123)
(Out of stock by own Inventory on 290224)(Active on 120324-fms)(Out of stock by Own Inventoryon 120824), ","Buy Natural Blue Sapphire - Sri Lanka 4.9 for sale online, weighing 4.9 carats (roughly 5.25 ratti). The cost price of the stone is provided and its price per carat can be calculated by dividing the cost price by stone weight (4.9 carat). Blue Sapphire has many benefits. This gem is stated to be Unheated and Untreated. The value of the stone is good considering its properties and effects. This gem is certified and its photos, video and lab certificate are available on our online store.",0.0000,0,Blue Sapphire - Sri Lanka-Faceted-Non Calibrated,/g/p/gp15072-1-101123.jpg,/g/p/gp15072-1-101123.jpg,/g/p/gp15072-hand-101123.jpg,0,2021-02-09 00:00:00,,,,,0,,,1 - Precious,10000,,,,,,7095,4,1.760 - 1.770,No,No,,,",",",",",",,,",",",",",",",",,,,https://www.agrl.in/searchcertificate.aspx?T=Stone&No=SA210170155,,,50500,"Success in business, Popularity",P
Gemstones,GP15195,Chrysoberyl Cat's Eye - 5.29 Carats,Premium Certified Chrysoberyl Cats Eye (Lahsuniya) for Astrological Use - 5.29 Carats,cats-eye-gp15195,GP15195,Unheated and Untreated (No Indications Observed),5.29,Chrysoberyl Cats Eye,Cabochon,11.18x8.45x6.00 mm,Yellow,5.29 ct Cats Eye Natural Original Top Quality Lab Certified Gemstone of 5.29 carat (5.88 ratti),Express Dispatch,6619,5.88,0,71039912,55800.0000,,5.2900,10548.0000,529.0000,Enabled,Jewellery Sapphire,Cats Eye,Natural,Oval,AGR Certified,10 Day Money-Back Returns*,"Yellow, Cat's Eye",Cabochon,Not Calibrated,0 Business Days (+5 days for typical Jewellery; +14 days for Bracelet/Gold/CZ/Diamond Items),Cats Eye - Chrysoberyl,GP,Loose Gemstone,,Single Stone,Natural Chrysoberyl Cat's Eye weighing 5.29 carats in Oval shape,Natural Cats Eye weighing 5.29 carat (5.88 ratti) ,Price Increase by 5% on 23-May-2022(messaged by NITIN SIR on Catalog Whatsaap Group on 13-may-2022)(Relive on 060524)(Out of stock by Own inventory on 270924)(Active on 071024 - FMS),"Buy Natural Cats Eye - Chrysoberyl 5.29 for sale online, weighing 5.29 carats (roughly 5.88 ratti). The cost price of the stone is provided and its price per carat can be calculated by dividing the cost price by stone weight (5.29 carat). Cats Eye has many benefits. This gem is stated to be Unheated and Untreated. The value of the stone is good considering its properties and effects. This gem is certified and its photos, video and lab certificate are available on our online store.",1.0000,1,Cats Eye - Chrysoberyl-Cabochon-Non Calibrated,/g/p/gp15195-1-60524.jpg,/g/p/gp15195-1-60524.jpg,/g/p/gp15195-hand-60524.jpg,Not Available,2015-07-15 00:00:00,,,,,0,,,1 - Precious,10000,,,,,,8355,3.75,1.740 - 1.750,No,No,,,",",",",",",,,",",",",",",",",,9___-Cats__eye009_.pdf,SA210170162,http://agrl.in/searchcertificate.aspx?T=Stone&No=SA210170162,,,55000,"Improves financial level, Enthusiasm, Positivity",P
Gemstones,GP15197,Chrysoberyl Cat's Eye - 5.09 Carats,Natural Certified - 5.09 Carats Chrysoberyl Cats Eye (Lahsuniya),cats-eye-gp15197,GP15197,Unheated and Untreated (No Indications Observed),5.09,Chrysoberyl Cats Eye,Cabochon,9.46x7.26x6.64 mm,Green,5.09 ct Chrysoberyl Cat's Eye (Lehsuniya) Natural Original Top Quality Lab Certified Gemstone of 5.09 carat (5.5 ratti),Express Dispatch,6621,5.66,0,71039912,90100.0000,,5.0900,17701.0000,509.0000,Enabled,Jewellery Sapphire,Cats Eye,Natural,Oval,AGR Certified,10 Day Money-Back Returns*,"Green, Cat's Eye",Cabochon,Not Calibrated,0 Business Days (+5 days for typical Jewellery; +14 days for Bracelet/Gold/CZ/Diamond Items),Cats Eye - Chrysoberyl,GP,Loose Gemstone,,Single Stone,"Natural Cats Eye Chrysoberyl weighing 5.09 carats in Oval Shape, Cats Eye are often well cut and polished only from the top side and back side may often be uncut, and unpolished (rough/raw form).",Natural Chrysoberyl Cat's Eye weighing 5.09 carats (5.66 ratti),"Price Increase by 5% on 23-May-2022(messaged by NITIN SIR on Catalog Whatsaap Group on 13-may-2022), Price Update By Shani on 220124 Done by MunnaPrice update on 010224(price mismatch according to master update and fix 010224 by munna)(Relive on 060524), Price update on 160524 Done by Munna","Buy Natural Cats Eye - Chrysoberyl 5.09 for sale online, weighing carats (roughly 5.66 ratti). The cost price of the stone is provided and its per carat can be calculated by dividing weight (5.09 carat). has many benefits. This gem stated to Unheated Untreated. value good considering properties effects. certified photos, video lab certificate are available on our online store.",1.0000,1,Cats Eye - Chrysoberyl-Cabochon-Non Calibrated,/g/p/gp15197-1-60524.jpg,/g/p/gp15197-1-60524.jpg,/g/p/gp15197-hand-60524.jpg,Not Available,2015-07-15 00:00:00,,,,,0,,,1 - Precious,17000,,,,,,8040,3.75,1.740 - 1.750,No,No,,,",",",",",",,,",",",",",",",",,9___-Cats__eye009_.pdf,SA211270585,http://agrl.in/searchcertificate.aspx?T=Stone&No=SA211270585,,,90000,"Improves financial level, Enthusiasm, Positivity",P
Gemstones,GP15158,Red Garnet 11x9 MM - 4.03 Carats,Natural Certified Red Garnet 11x9 MM - 4.03 Carats,garnet-gp15158,GP15158,Unheated and Untreated (No Indications Observed),4.03,Red Garnet,Faceted,11.08x8.85x5.57 mm,Red,4.03 ct Red Garnet Natural Original Top Quality Lab Certified Gemstone of 4.03 carat (4.25 ratti),Express Dispatch,6582,4.48,0,71039931,12700.0000,,4.0300,3151.0000,403.0000,Enabled,Jewellery Semiprecious,Garnet,Natural,Oval,GJSPC Certified,10 Day Money-Back Returns*,Dark Orangy Red,Faceted,Calibrated,0 Business Days (+5 days for typical Jewellery; +14 days for Bracelet/Gold/CZ/Diamond Items),Garnet - Red (Almandine),GP,Loose Gemstone,,Single Stone,Natural Red Garnet 11x9 mm weighing 4.03 carats in Oval Shape,Natural Red Garnet 11x9 mm weighing 4.03 carats (4.48 ratti),Price Increase by 5% on 23-May-2022(messaged by NITIN SIR on Catalog Whatsaap Group on 13-may-2022)(Relive on 120424),"Buy Natural Garnet - Red (Almandine) 4.03 for sale online, weighing carats (roughly 4.48 ratti). The cost price of the stone is provided and its per carat can be calculated by dividing weight (4.03 carat). has many benefits. This gem stated to Unheated Untreated. value good considering properties effects. certified photos, video lab certificate are available on our online store.",1.0000,1,Garnet - Red (Almandine/Pyrope)-Faceted- Calibrated,/g/p/gp15158-1-120424.jpg,/g/p/gp15158-1-120424.jpg,/g/p/gp15158-hand-120424.jpg,,2015-07-09 00:00:00,,,,,0,,,3 - Semi-Precious,3000,,,,,,1905,3.9,1.75,No,No,,,"11x9,",",",",",,,",",",",",",",",,,,https://gjspc.in/ReportCheck,,,12000,"Positivity, Good Health",MP
Gemstones,GP15164,Red Garnet - 3.09 Carats,Natural Red Garnet - 3.09 carats (GP15164),garnet-gp15164,GP15164,Unheated and Untreated (No Indications Observed),3.09,Red Garnet,Faceted,9.68x7.32x4.18 mm,Red,3.09 ct Red Garnet Natural Original Top Quality Lab Certified Gemstone of 3.09 carat (3.25 ratti),Express Dispatch,6588,3.43,0,71039931,8100.0000,,3.0900,2621.0000,309.0000,Enabled,Jewellery Semiprecious,Garnet,Natural,Oval,GJSPC Certified,10 Day Money-Back Returns*,Dark Orangy Red,Faceted,Not Calibrated,0 Business Days (+5 days for typical Jewellery; +14 days for Bracelet/Gold/CZ/Diamond Items),Garnet - Red (Almandine),GP,Loose Gemstone,,Single Stone,Natural Red Garnet weighing 3.09 carat In Oval shape.,Natural Red Garnet weighing 3.09 carats (3.43 ratti),"Relive due to unsold product on Jan-22-01-2021 by Ankur, Price Increase by 5% on 23-May-2022(messaged by NITIN SIR on Catalog Group update on 13-may-2022)(Out of stock by Own Inventory on 060224)","Buy Natural Original Red Garnet for sale online, weighing 3.43 carats (roughly 3.75 ratti). The cost price of the stone is provided and its price per carat can be calculated by dividing the cost price by stone weight (3.43 carat). Garnet - Red (Almandine/Pyrope) has many benefits. This gem is stated to be Unheated and Untreated. The value of the stone is good considering its properties and effects. This gem is certified and its photos, video and lab certificate are available on our online store.",0.0000,0,Garnet - Red (Almandine/Pyrope)-Faceted-Non Calibrated,/g/p/gp15164-1-271023.jpg,/g/p/gp15164-1-271023.jpg,/g/p/gp15164-hand-271023.jpg,0,2015-07-09 00:00:00,,,,,0,,,3 - Semi-Precious,2500,,,,,,1215,3.9,1.75,No,No,,,",",",",",",,,",",",",",",",",,,,,,,8000,"Positivity, Good Health",MP
Gemstones,GP15167,Red Garnet - 4.06 Carats,Premium Certified Red Garnet for Astrological Use - 4.06 Carats,garnet-gp15167,GP15167,Unheated and Untreated (No Indications Observed),4.06,Red Garnet,Faceted,10.63x8.30x5.17 mm,Purple,4.06 ct Red Garnet Natural Original Top Quality Lab Certified Gemstone of 4.06 carat (4.5 ratti),Express Dispatch,6591,4.51,0,71039931,3500.0000,,4.0600,862.0000,406.0000,Enabled,Jewellery Semiprecious,Garnet,Natural,Oval,GJSPC Certified,10 Day Money-Back Returns*,Reddish Purple,Faceted,Not Calibrated,0 Business Days (+5 days for typical Jewellery; +14 days for Bracelet/Gold/CZ/Diamond Items),Garnet - Red (Almandine),GP,Loose Gemstone,,Single Stone,Natural Red Garnet weighing 4.06 carats in Oval Shape,Natural Red Garnet weighing 4.06 carats (4.51 ratti),Price Increase by 5% on 23-May-2022(messaged by NITIN SIR on Catalog Whatsaap Group on 13-may-2022) (Out of stock by Own Inventory on 221225)(Active on 020126),"Buy Natural Garnet - Red (Almandine) 4.06 for sale online, weighing carats (roughly 4.51 ratti). The cost price of the stone is provided and its per carat can be calculated by dividing weight (4.06 carat). has many benefits. This gem stated to Unheated Untreated. value good considering properties effects. certified photos, video lab certificate are available on our online store.",1.0000,1,Garnet - Red (Almandine/Pyrope)-Faceted-Non Calibrated,/g/p/gp15167-1-100424.jpg,/g/p/gp15167-1-100424.jpg,/g/p/gp15167-hand-100424.jpg,,2015-07-09 00:00:00,,,,,0,,,3 - Semi-Precious,500,,,,,,525,3.9,1.75,No,No,,,",",",",",",,,",",",",",",",",,,,https://gjspc.in/ReportCheck,,,3500,"Positivity, Good Health",MP
Gemstones,GP15170,Red Garnet - 4.29 Carats,Natural Certified - 4.29 Carats Red Garnet,garnet-gp15170,GP15170,Unheated and Untreated (No Indications Observed),4.29,Red Garnet,Faceted,10.48x8.46x5.49 mm,Purple,4.29 ct Red Garnet Natural Original Top Quality Lab Certified Gemstone of 4.29 carat (4.75 ratti),Express Dispatch,6594,4.77,0,71039931,3750.0000,,4.2900,874.0000,429.0000,Enabled,Jewellery Semiprecious,Garnet,Natural,Oval,GJSPC Certified,10 Day Money-Back Returns*,Reddish Purple,Faceted,Not Calibrated,0 Business Days (+5 days for typical Jewellery; +14 days for Bracelet/Gold/CZ/Diamond Items),Garnet - Red (Almandine),GP,Loose Gemstone,,Single Stone,Natural Red Garnet weighing 4.29 carats in Oval Shape,Natural Red Garnet weighing 4.29 carats (4.77 ratti),Price Increase by 5% on 23-May-2022(messaged by NITIN SIR on Catalog Whatsaap Group on 13-may-2022)(Relive on 120424),"Buy Natural Garnet - Red (Almandine) 4.29 for sale online, weighing carats (roughly 4.77 ratti). The cost price of the stone is provided and its per carat can be calculated by dividing weight (4.29 carat). has many benefits. This gem stated to Unheated Untreated. value good considering properties effects. certified photos, video lab certificate are available on our online store.",1.0000,1,Garnet - Red (Almandine/Pyrope)-Faceted-Non Calibrated,/g/p/gp15170-1-120424.jpg,/g/p/gp15170-1-120424.jpg,/g/p/gp15170-hand-120424.jpg,,2015-07-09 00:00:00,,,,,0,,,3 - Semi-Precious,500,,,,,,562.5,3.9,1.75,No,No,,,",",",",",",,,",",",",",",",",,,,https://gjspc.in/ReportCheck,,,3500,"Positivity, Good Health",MP
Gemstones,GP15172,Red Garnet 11x9 MM - 3.67 Carats,Original Certified Red Garnet 11x9 MM for Astrological Use - 3.67 Carats,garnet-gp15172,GP15172,Unheated and Untreated (No Indications Observed),3.67,Red Garnet,Faceted,10.96x8.99x4.15 mm,Purple,3.67 ct Red Garnet Natural Original Top Quality Lab Certified Gemstone of 3.67 carat (4 ratti),Express Dispatch,6596,4.08,0,71039931,8000.0000,,3.6700,2180.0000,367.0000,Enabled,Jewellery Semiprecious,Garnet,Natural,Oval,GJSPC Certified,10 Day Money-Back Returns*,Reddish Purple,Faceted,Calibrated,0 Business Days (+5 days for typical Jewellery; +14 days for Bracelet/Gold/CZ/Diamond Items),Garnet - Red (Almandine),GP,Loose Gemstone,,Single Stone,Natural Red Garnet 11x9 mm weighing 3.67 carats in Oval Shape,Natural Red Garnet 11x9 mm weighing 3.67 carats (4.08 ratti),Price Increase by 5% on 23-May-2022(messaged by NITIN SIR on Catalog Whatsaap Group on 13-may-2022)(Rtelive on 040524) (Out of stock by Own Inventory on 010426),"Buy Natural Garnet - Red (Almandine) 3.67 for sale online, weighing carats (roughly 4.08 ratti). The cost price of the stone is provided and its per carat can be calculated by dividing weight (3.67 carat). has many benefits. This gem stated to Unheated Untreated. value good considering properties effects. certified photos, video lab certificate are available on our online store.",0.0000,0,Garnet - Red (Almandine/Pyrope)-Faceted- Calibrated,/g/p/gp15172-1-40524.jpg,/g/p/gp15172-1-40524.jpg,/g/p/gp15172-hand-40524.jpg,,2015-07-09 00:00:00,,,,,0,,,3 - Semi-Precious,2000,,,,,,1200,3.9,1.75,No,No,,,"11x9,",",",",",,,",",",",",",",",,,,https://gjspc.in/ReportCheck,,,8000,"Positivity, Good Health",MP
Gemstones,GP15175,Red Garnet 12x10 MM - 5.04 Carats,Natural Certified Red Garnet 12x10 MM - 5.04 Carats,garnet-gp15175,GP15175,Unheated and Untreated (No Indications Observed),5.04,Red Garnet,Faceted,12.11x10.00x4.98 mm,Purple,5.04 ct Garnet Natural Original Top Quality Lab Certified Gemstone of 5.04 carat (5.6 ratti),Express Dispatch,6599,5.6,0,71039931,4350.0000,,5.0400,863.0000,504.0000,Enabled,Jewellery Semiprecious,Garnet,Natural,Oval,GJSPC Certified,10 Day Money-Back Returns*,Reddish Purple,Faceted,Calibrated,0 Business Days (+5 days for typical Jewellery; +14 days for Bracelet/Gold/CZ/Diamond Items),Garnet - Red (Almandine),GP,Loose Gemstone,,Single Stone,Natural Red Garnet weighing 5.04 carats in Oval shape,Natural Garnet weighing 5.04 carat (5.6 ratti) ,"Price Increase by 5% on 23-May-2022(messaged by NITIN SIR on Catalog Whatsaap Group on 13-may-2022), Price Update By Shani on 220124 Done by Munna(Out of stock by own inventory on 080824)(Out of stock by Own Inventory on 100824)(Active on 270924)","Buy Natural Garnet - Red (Almandine) 5.04 for sale online, weighing 5.04 carats (roughly 5.6 ratti). The cost price of the stone is provided and its price per carat can be calculated by dividing the cost price by stone weight (5.04 carat). Garnet has many benefits. This gem is stated to be Unheated and Untreated. The value of the stone is good considering its properties and effects. This gem is certified and its photos, video and lab certificate are available on our online store.",1.0000,1,Garnet - Red (Almandine)-Faceted-Calibrated,/g/p/gp15175-1-100424.jpg,/g/p/gp15175-1-100424.jpg,/g/p/gp15175-hand-100424.jpg,,2015-07-09 00:00:00,,,,,0,,,3 - Semi-Precious,500,,,,,,607.5,3.9,1.75,No,No,,,"12x10,",",",",",,,",",",",",",",",,,,https://gjspc.in/ReportCheck,,,4000,"Positivity, Good Health",MP
Gemstones,GP15176,Red Garnet 10x8 MM - 3.75 Carats,Premium Certified Red Garnet 10x8 MM for Astrological Use - 3.75 Carats,garnet-gp15176,GP15176,Unheated and Untreated (No Indications Observed),3.75,Red Garnet,Faceted,10.15x8.12x4.94 mm,Purple,3.75 ct Garnet Natural Original Top Quality Lab Certified Gemstone of 3.75 carat ,Express Dispatch,6600,4.17,0,71039931,8100.0000,,3.7500,2160.0000,375.0000,Enabled,Jewellery Semiprecious,Garnet,Natural,Oval,GJSPC Certified,10 Day Money-Back Returns*,Reddish Purple,Faceted,Calibrated,0 Business Days (+5 days for typical Jewellery; +14 days for Bracelet/Gold/CZ/Diamond Items),Garnet - Red (Almandine),GP,Loose Gemstone,,Single Stone,Natural Red Garnet weighing 3.75 carats in Oval shape,Natural Garnet weighing 3.75 carat  ,Price Increase by 5% on 23-May-2022(messaged by NITIN SIR on Catalog Whatsaap Group on 13-may-2022),"Buy Natural Garnet - Red (Almandine) 3.75 for sale online, weighing 3.75 carats (roughly 4.17 ratti). The cost price of the stone is provided and its price per carat can be calculated by dividing the cost price by stone weight (3.75 carat). Garnet has many benefits. This gem is stated to be Unheated and Untreated. The value of the stone is good considering its properties and effects. This gem is certified and its photos, video and lab certificate are available on our online store.",1.0000,1,Garnet - Red (Almandine)-Faceted-Calibrated,/g/p/gp15176-1-100424.jpg,/g/p/gp15176-1-100424.jpg,/g/p/gp15176-hand-100424.jpg,,2015-07-09 00:00:00,,,,,0,,,3 - Semi-Precious,2000,,,,,,1215,3.9,1.75,No,No,,,"10x8,",",",",",,,",",",",",",",",,,,https://gjspc.in/ReportCheck,,,8000,"Success in business, Popularity",MP
Gemstones,GP15178,Red Garnet - 4.29 Carats,Original Certified Red Garnet for Astrological Use - 4.29 Carats,garnet-gp15178,GP15178,Unheated and Untreated (No Indications Observed),4.29,Red Garnet,Faceted,12.44x8.37x5.08 mm,Red,4.29 ct. Red Garnet Natural Original Top Quality Lab Certified Gemstone of 4.29 carat (4.75 ratti),Express Dispatch,6602,4.77,0,71039931,9300.0000,,4.2900,2168.0000,429.0000,Enabled,Jewellery Semiprecious,Garnet,Natural,Oval,GJSPC Certified,10 Day Money-Back Returns*,Dark Orangy Red,Faceted,Not Calibrated,0 Business Days (+5 days for typical Jewellery; +14 days for Bracelet/Gold/CZ/Diamond Items),Garnet - Red (Almandine),GP,Loose Gemstone,,Single Stone,Natural Brown Garnet weighing 4.29 carats in Oval Shape,Natural Red Garnet weighing 4.29 carats (4.77 ratti),Price Increase by 5% on 23-May-2022(messaged by NITIN SIR on Catalog Whatsaap Group on 13-may-2022),"Buy Natural Garnet - Red (Almandine) 4.29 for sale online, weighing carats (roughly 4.77 ratti). The cost price of the stone is provided and its per carat can be calculated by dividing weight (4.29 carat). has many benefits. This gem stated to Unheated Untreated. value good considering properties effects. certified photos, video lab certificate are available on our online store.",1.0000,1,Garnet - Red (Almandine/Pyrope)-Faceted-Non Calibrated,/g/p/gp15178-1-100424.jpg,/g/p/gp15178-1-100424.jpg,/g/p/gp15178-hand-100424.jpg,,2015-07-09 00:00:00,,,,,0,,,3 - Semi-Precious,2000,,,,,,1395,3.9,1.75,No,No,,,",",",",",",,,",",",",",",",",,,,https://gjspc.in/ReportCheck,,,9000,"Positivity, Good Health",MP
Gemstones,GP15180,Red Garnet 10 MM - 4.08 Carats,Natural Red Garnet 10 MM - 4.08 Carats (GP15180),garnet-gp15180,GP15180,Unheated and Untreated (No Indications Observed),4.08,Red Garnet,Faceted,10.00x9.92x4.77 mm,Red,4.08 ct Red Garnet Natural Original Top Quality Lab Certified Gemstone of 4.08 carat (4.5 ratti),Express Dispatch,6604,4.53,0,71039931,8800.0000,,4.0800,2157.0000,408.0000,Enabled,Jewellery Semiprecious,Garnet,Natural,Round,GJSPC Certified,10 Day Money-Back Returns*,Dark Orangy Red,Faceted,Calibrated,0 Business Days (+5 days for typical Jewellery; +14 days for Bracelet/Gold/CZ/Diamond Items),Garnet - Red (Almandine),GP,Loose Gemstone,,Single Stone,Natural Red Garnet 10 mm weighing 4.08 carats in Round Shape,Natural Red Garnet 10 mm weighing 4.08 carats (4.53 ratti),Price Increase by 5% on 23-May-2022(messaged by NITIN SIR on Catalog Whatsaap Group on 13-may-2022)(Relive on 160424),"Buy Natural Garnet - Red (Almandine) 4.08 for sale online, weighing carats (roughly 4.53 ratti). The cost price of the stone is provided and its per carat can be calculated by dividing weight (4.08 carat). has many benefits. This gem stated to Unheated Untreated. value good considering properties effects. certified photos, video lab certificate are available on our online store.",1.0000,1,Garnet - Red (Almandine)-Faceted-Calibrated,/g/p/gp15180-1-160424.jpg,/g/p/gp15180-1-160424.jpg,/g/p/gp15180-hand-160424.jpg,,2015-07-09 00:00:00,,,,,0,,,3 - Semi-Precious,2000,,,,,,1320,3.9,1.75,No,No,,,"10,",",",",",,,",",",",",",",",,,,https://gjspc.in/ReportCheck,,,8500,"Positivity, Good Health",MP
Gemstones,GP15717,Brown Onyx 14X10 MM - 6.31 Carats,Original Certified Brown Onyx 14X10 MM for Astrological Use - 6.31 Carats,yellow-onyx-gp15717,GP15717,Dyed,6.31,Yellow Onyx,Cabochon,13.90x10.00x5.50 mm,Brown,6.31 ct Brown onyx Natural Original Top Quality Lab Certified Gemstone of 6.31 carat (7 ratti),Express Dispatch,7141,7.01,0,71039949,710.0000,,6.3100,113.0000,631.0000,Enabled,Jewellery Semiprecious,Onyx (Chalcedony),Natural,Oval,JBN Certified,10 Day Money-Back Returns*,Yellowish Brown,Cabochon,Calibrated,0 Business Days (+5 days for typical Jewellery; +14 days for Bracelet/Gold/CZ/Diamond Items),Onyx - Yellow,GP,Loose Gemstone,,Single Stone,Natural Brown Onyx 14x10 mm weighing 6.31 carats in Oval Shape,Natural Brown Onyx 14x10 mm weighing 6.31 carats (7.01 ratti),"Update carat wt. on 02-Jan-2020, Price Increase by 5% on 23-May-2022(messaged by NITIN SIR on Catalog Group update on 13-may-2022)","Buy Natural Onyx - Yellow 6.31 for sale online, weighing carats (roughly 7.01 ratti). The cost price of the stone is provided and its per carat can be calculated by dividing weight (6.31 carat). (Chalcedony) has many benefits. This gem stated to Dyed. value good considering properties effects. certified photos, video lab certificate are available on our online store.",1.0000,1,Onyx - Yellow-Cabochon-Calibrated,/1/5/15717-1-190918.jpg,/1/5/15717-1-190918.jpg,/g/p/gp15717-jbn-certified-200118.jpg,AJ-20150901@AJ#13,2015-10-09 00:00:00,,,,,,,,3 - Semi-Precious,100,,,,,,106.5,2.6,1.535-1.539,No,No,,,"14x10,",",",",",,,",",",",",",",",,,JBNGTL/61710/19,http://www.jbngemtestinglab.com/,,,500,,MP
Gemstones,GP15719,Brown Onyx - 6.88 Carats,Natural Certified Brown Onyx - 6.88 Carats,yellow-onyx-gp15719,GP15719,Dyed,6.88,Yellow Onyx,Cabochon,14.00x10.70x5.40 mm,Brown,6.88 ct Brown onyx Natural Original Top Quality Lab Certified Gemstone of 6.88 carat (7.5 ratti),Express Dispatch,7143,7.64,0,71039949,780.0000,,6.8800,113.0000,688.0000,Enabled,Jewellery Semiprecious,Onyx (Chalcedony),Natural,Oval,JBN Certified,10 Day Money-Back Returns*,Yellowish Brown,Cabochon,Not Calibrated,0 Business Days (+5 days for typical Jewellery; +14 days for Bracelet/Gold/CZ/Diamond Items),Onyx - Yellow,GP,Loose Gemstone,,Single Stone,Natural Brown Onyx weighing 6.88 carats in Oval Shape,Natural Brown Onyx weighing 6.88 carats (7.64 ratti),"Update carat wt. on 02-Jan-2020, Price Increase by 5% on 23-May-2022(messaged by NITIN SIR on Catalog Group update on 13-may-2022)","Buy Natural Onyx - Yellow 6.88 for sale online, weighing carats (roughly 7.64 ratti). The cost price of the stone is provided and its per carat can be calculated by dividing weight (6.88 carat). (Chalcedony) has many benefits. This gem stated to Dyed. value good considering properties effects. certified photos, video lab certificate are available on our online store.",1.0000,1,Onyx - Yellow-Cabochon-Non Calibrated,/1/5/15719-1-190918.jpg,/1/5/15719-1-190918.jpg,/g/p/gp15719-jbn-certified-200118.jpg,AJ-20150901@AJ#13,2015-10-09 00:00:00,,,,,,,,3 - Semi-Precious,100,,,,,,117,2.6,1.535-1.539,No,No,,,",",",",",",,,",",",",",",",",,,JBNGTL/61712/19,http://www.jbngemtestinglab.com/,,,500,,MP
Gemstones,GP15723,Yellow Onyx - 6.35 Carats,Natural Yellow Onyx - 6.35 Carats (GP15723),yellow-onyx-gp15723,GP15723,Dyed,6.35,Yellow Onyx,Cabochon,13.50x11.40x5.50 mm,Yellow,6.35 ct Yellow onyx Natural Original Top Quality Lab Certified Gemstone of 6.35 carat (7 ratti),Express Dispatch,7147,7.06,0,71039949,720.0000,,6.3500,113.0000,635.0000,Enabled,Jewellery Semiprecious,Onyx (Chalcedony),Natural,Oval,Free Lab Certificate,10 Day Money-Back Returns*,Yellow,Cabochon,Not Calibrated,0 Business Days (+5 days for typical Jewellery; +14 days for Bracelet/Gold/CZ/Diamond Items),Onyx - Yellow,GP,Loose Gemstone,,Single Stone,Natural Yellow Onyx weighing 6.35 carats in Oval Shape,Natural Yellow Onyx weighing 6.35 carats (7.06 ratti),"Update carat wt on 18-Sep-2019, Price Increase by 5% on 23-May-2022(messaged by NITIN SIR on Catalog Group update on 13-may-2022)(Out of stock -video and certificae wrong-300524) (Out of stock by Own Inventory on 040925)","Buy Natural Original Yellow Onyx for sale online, weighing 7.06 carats (roughly 7.75 ratti). The cost price of the stone is provided and its price per carat can be calculated by dividing the cost price by stone weight (7.06 carat). Onyx - Yellow has many benefits. This gem is stated to be Dyed. The value of the stone is good considering its properties and effects. This gem is certified and its photos, video and lab certificate are available on our online store.",0.0000,0,Onyx - Yellow-Cabochon-Non Calibrated,/1/5/15723-1-190918.jpg,/1/5/15723-1-190918.jpg,/g/p/gp15723-jbn-certified.jpg,AJ-20150901@AJ#13,2015-10-09 00:00:00,,,,,0,,,3 - Semi-Precious,100,,,,,,108,2.6,1.535-1.539,No,No,,,",",",",",",,,",",",",",",",",,,,http://www.jbngemtestinglab.com/report.php?report_no=JBNGTL/48901/19,,,500,,MP
Gemstones,GP15724,Brown Onyx 14X10 MM - 5.93 Carats,Premium Certified Brown Onyx 14X10 MM for Astrological Use - 5.93 Carats,yellow-onyx-gp15724,GP15724,Dyed,5.93,Yellow Onyx,Cabochon,13.90x10.00x5.30 mm,Brown,5.93 ct Brown onyx Natural Original Top Quality Lab Certified Gemstone of 5.93 carat (6.5 ratti),Express Dispatch,7148,6.59,0,71039949,670.0000,,5.9300,113.0000,593.0000,Enabled,Jewellery Semiprecious,Onyx (Chalcedony),Natural,Oval,JBN Certified,10 Day Money-Back Returns*,Yellowish Brown,Cabochon,Calibrated,0 Business Days (+5 days for typical Jewellery; +14 days for Bracelet/Gold/CZ/Diamond Items),Onyx - Yellow,GP,Loose Gemstone,,Single Stone,Natural Brown Onyx 14x10 mm weighing 5.93 carats in Oval Shape,Natural Brown Onyx 14x10 mm weighing 5.93 carats (6.59 ratti),"Update carat wt. on 02-Jan-2020, Price Increase by 5% on 23-May-2022(messaged by NITIN SIR on Catalog Group update on 13-may-2022)","Buy Natural Onyx - Yellow 5.93 for sale online, weighing carats (roughly 6.59 ratti). The cost price of the stone is provided and its per carat can be calculated by dividing weight (5.93 carat). (Chalcedony) has many benefits. This gem stated to Dyed. value good considering properties effects. certified photos, video lab certificate are available on our online store.",1.0000,1,Onyx - Yellow-Cabochon-Calibrated,/1/5/15724-1-190918.jpg,/1/5/15724-1-190918.jpg,/g/p/gp15724-jbn-certified-200118.jpg,AJ-20150901@AJ#13,2015-10-09 00:00:00,,,,,,,,3 - Semi-Precious,100,,,,,,100.5,2.6,1.535-1.539,No,No,,,"14x10,",",",",",,,",",",",",",",",,,JBNGTL/61709/19,http://www.jbngemtestinglab.com/,,,500,,MP
Gemstones,GP15727,Brown Onyx - 6.39 Carats,Natural Certified - 6.39 Carats Brown Onyx,yellow-onyx-gp15727,GP15727,Dyed,6.39,Yellow Onyx,Cabochon,14.30x10.40x5.30 mm,Brown,6.39 ct Brown onyx Natural Original Top Quality Lab Certified Gemstone of 6.39 carat (7 ratti),Express Dispatch,7151,7.10,0,71039949,720.0000,,6.3900,113.0000,639.0000,Enabled,Jewellery Semiprecious,Onyx (Chalcedony),Natural,Oval,JBN Certified,10 Day Money-Back Returns*,Yellowish Brown,Cabochon,Not Calibrated,0 Business Days (+5 days for typical Jewellery; +14 days for Bracelet/Gold/CZ/Diamond Items),Onyx - Yellow,GP,Loose Gemstone,,Single Stone,Natural Brown Onyx weighing 6.39 carats in Oval Shape,Natural Brown Onyx weighing 6.39 carats (7.10 ratti),"Update carat wt. on 02-Jan-2020, Price Increase by 5% on 23-May-2022(messaged by NITIN SIR on Catalog Group update on 13-may-2022)","Buy Natural Onyx - Yellow 6.39 for sale online, weighing carats (roughly 7.1 ratti). The cost price of the stone is provided and its per carat can be calculated by dividing weight (6.39 carat). (Chalcedony) has many benefits. This gem stated to Dyed. value good considering properties effects. certified photos, video lab certificate are available on our online store.",1.0000,1,Onyx - Yellow-Cabochon-Non Calibrated,/1/5/15727-1-190918.jpg,/1/5/15727-1-190918.jpg,/g/p/gp15727-jbn-certified-200118.jpg,AJ-20150901@AJ#13,2015-10-09 00:00:00,,,,,,,,3 - Semi-Precious,100,,,,,,108,2.6,1.535-1.539,No,No,,,",",",",",",,,",",",",",",",",,,JBNGTL/61707/19,http://www.jbngemtestinglab.com/,,,500,,MP
Gemstones,GP15729,Yellow Onyx - 5.61 carats,Natural Yellow Onyx - 5.61 carats (GP15729),yellow-onyx-gp15729,GP15729,Dyed,5.61 ,Yellow Onyx,Cabochon,13.95x10.01x5.25 mm,Brown,5.61 ct Yellow onyx Natural Original Top Quality Lab Certified Gemstone of 5.61 carat (6 ratti),Express Dispatch,7153,6.23,0,71039949,640.0000,,5.6100,114.0000,560.0000,Enabled,Jewellery Semiprecious,Onyx (Chalcedony),Natural,Oval,ITLGR Certified,10 Day Money-Back Returns*,Orangish Brown,Cabochon,Not Calibrated,0 Business Days (+5 days for typical Jewellery; +14 days for Bracelet/Gold/CZ/Diamond Items),Onyx - Yellow,GP,Loose Gemstone,,Single Stone,Natural Yellow Onyx weighing 5.61 carats in Oval Shape,Natural Yellow Onyx weighing 5.61 carats (6.22 ratti),"Relive on 24-12-2018 due to order cancellation issue, Price Increase by 5% on 23-May-2022(messaged by NITIN SIR on Catalog Group update on 13-may-2022)(Out of stock by Own inventory on 160524)","Buy Natural Original Yellow Onyx for sale online, weighing 5.61 carats (roughly 6.75 ratti). The cost price of the stone is provided and its price per carat can be calculated by dividing the cost price by stone weight (5.61 carat). Onyx - Yellow has many benefits. This gem is stated to be Dyed. The value of the stone is good considering its properties and effects. This gem is certified and its photos, video and lab certificate are available on our online store.",0.0000,0,Onyx - Yellow-Cabochon-Non Calibrated,/1/5/15729-1-190918.jpg,/1/5/15729-1-190918.jpg,/g/p/gp15729-itlgr-certified-301223.jpg,AJ-20150901@AJ#13,2015-10-09 00:00:00,,,,,0,,,3 - Semi-Precious,100,,,,,,96,2.6,1.61 Spot,No,No,,,",",",",",",,,",",",",",",",",,,,https://www.itlgr.com/searchcertificate.aspx?T=Stone&No=S351770729,,,500,,MP
Gemstones,GP15732,Yellow Onyx - 5.57 Carats,Natural Certified Yellow Onyx - 5.57 Carats,yellow-onyx-gp15732,GP15732,Dyed,5.57 ,Yellow Onyx,Cabochon,13.65x9.83x4.78 mm,Brown,5.57 ct Yellow onyx Natural Original Top Quality Lab Certified Gemstone of 5.57 carat (6 ratti),Express Dispatch,7156,6.19,0,71039949,630.0000,,5.5700,113.0000,556.0000,Enabled,Jewellery Semiprecious,Onyx (Chalcedony),Natural,Oval,ITLGR Certified,10 Day Money-Back Returns*,Orangish Brown,Cabochon,Not Calibrated,0 Business Days (+5 days for typical Jewellery; +14 days for Bracelet/Gold/CZ/Diamond Items),Onyx - Yellow,GP,Loose Gemstone,,Single Stone,Natural Yellow Onyx weighing 5.57 carats in Oval Shape,Natural Yellow Onyx weighing 5.57 carats (6.18 ratti),Price Increase by 5% on 23-May-2022(messaged by NITIN SIR on Catalog Whatsaap Group on 13-may-2022) (Out of stock by Own Inventory on 050425),"Buy Natural Original Yellow Onyx for sale online, weighing 5.57 carats (roughly 6.75 ratti). The cost price of the stone is provided and its price per carat can be calculated by dividing the cost price by stone weight (5.57 carat). Onyx - Yellow has many benefits. This gem is stated to be Dyed. The value of the stone is good considering its properties and effects. This gem is certified and its photos, video and lab certificate are available on our online store.",0.0000,0,Onyx - Yellow-Cabochon-Non Calibrated,/1/5/15732-1-190918.jpg,/1/5/15732-1-190918.jpg,/g/p/gp15732-itlgr-certified-301223.jpg,AJ-20150901@AJ#13,2015-10-09 00:00:00,,,,,0,,,3 - Semi-Precious,100,,,,,,94.5,2.6,1.540 - 1.550,No,No,,,",",",",",",,,",",",",",",",",,,,https://www.itlgr.com/searchcertificate.aspx?T=Stone&No=S351770743,,,500,,MP
Gemstones,GP15733,Brown Onyx 14X10 MM - 5.23 Carats,Premium Certified Brown Onyx 14X10 MM for Astrological Use - 5.23 Carats,yellow-onyx-gp15733,GP15733,Dyed,5.23,Yellow Onyx,Cabochon,13.80x9.90x4.80 mm,Brown,5.23 ct Brown onyx Natural Original Top Quality Lab Certified Gemstone of 5.23 carat (5.75 ratti),Express Dispatch,7157,5.81,0,71039949,600.0000,,5.2300,115.0000,523.0000,Enabled,Jewellery Semiprecious,Onyx (Chalcedony),Natural,Oval,JBN Certified,10 Day Money-Back Returns*,Yellowish Brown,Cabochon,Calibrated,0 Business Days (+5 days for typical Jewellery; +14 days for Bracelet/Gold/CZ/Diamond Items),Onyx - Yellow,GP,Loose Gemstone,,Single Stone,Natural Brown Onyx 14x10 mm weighing 5.23 carats in Oval Shape,Natural Brown Onyx 14x10 mm weighing 5.23 carats (5.81 ratti),"Update carat wt. on 02-Jan-2020, Price Increase by 5% on 23-May-2022(messaged by NITIN SIR on Catalog Group update on 13-may-2022)","Buy Natural Onyx - Yellow 5.23 for sale online, weighing carats (roughly 5.81 ratti). The cost price of the stone is provided and its per carat can be calculated by dividing weight (5.23 carat). (Chalcedony) has many benefits. This gem stated to Dyed. value good considering properties effects. certified photos, video lab certificate are available on our online store.",1.0000,1,Onyx - Yellow-Cabochon-Calibrated,/1/5/15733-1-190918.jpg,/1/5/15733-1-190918.jpg,/g/p/gp15733-jbn-certified-200118.jpg,AJ-20150901@AJ#13,2015-10-09 00:00:00,,,,,,,,3 - Semi-Precious,100,,,,,,90,2.6,1.535-1.539,No,No,,,"14x10,",",",",",,,",",",",",",",",,,JBNGTL/61705/19,http://www.jbngemtestinglab.com/,,,500,,MP
Gemstones,GP15622,Green Onyx - 5.73 carats,Natural Green Onyx - 5.73 carats (GP-15622),green-onyx-gp-15622,,Dyed,5.73,Green Onyx,Cabochon,,Green,5.73 ct Green onyx Natural Original Top Quality Lab Certified Gemstone of 5.73 carat (6.25 ratti),Express Dispatch,7046,6.37,0,71039949,650.0000,,5.7300,113.0000,573.0000,Enabled,Jewellery Semiprecious,Onyx (Chalcedony),Natural,Oval,AGR Certified,10 Day Money-Back Returns*,Green,Cabochon,Not Calibrated,0 Business Days (+5 days for typical Jewellery; +14 days for Bracelet/Gold/CZ/Diamond Items),Onyx - Green,GP,Loose Gemstone,,Single Stone,An Natural Green Onyx weighing 5.73 carats in Oval Shape,Natural Green Onyx weighing 5.73 carats (6.37 ratti),"relive by shani on 13-04-21, Price Increase by 5% on 23-May-2022(messaged by NITIN SIR on Catalog Group update on 13-may-2022)","Buy Natural Original Green Onyx for sale online, weighing 6.37 carats (roughly 7 ratti). The cost price of the stone is provided and its price per carat can be calculated by dividing the cost price by stone weight (6.37 carat). Onyx - Green has many benefits. This gem is stated to be Dyed. The value of the stone is good considering its properties and effects. This gem is certified and its photos, video and lab certificate are available on our online store.",0.0000,0,Onyx - Green-Cabochon-Non Calibrated,/1/5/15622-1-190918.jpg,/1/5/15622-1-190918.jpg,/1/5/15622-2-190918.jpg,AJ-20150901@AJ#11,2015-09-15 00:00:00,,,,,0,,,3 - Semi-Precious,100,,,,,,98,,,No,No,,,",",",",",",,,",",",",",",",",,12--___Green----Onyx00012--.pdf,,,,,500,,SP
Gemstones,GP15573,Iolite - 6.19 Carats,Premium Certified Iolite (Neeli) for Astrological Use - 6.19 Carats,iolite-gp15573,GP15573,Unheated and Untreated (No Indications Observed),6.19,Iolite,Faceted,14.61x9.15x7.11 mm,Blue,6.19 ct Iolite Natural Original Top Quality Lab Certified Gemstone of 6.19 carat (6.75 ratti),Express Dispatch,6997,6.88,0,71039990,2550.0000,,6.1900,412.0000,619.0000,Enabled,Jewellery Semiprecious,Iolite,Natural,Oval,AGR Certified,10 Day Money-Back Returns*,Blue,Faceted,Not Calibrated,0 Business Days (+5 days for typical Jewellery; +14 days for Bracelet/Gold/CZ/Diamond Items),Iolite - All,GP,Loose Gemstone,,Single Stone,Natural Iolite weighing 6.19 carat In Oval shape.,Natural Iolite weighing 6.19 carats (6.88 ratti),Price Increase by 5% on 23-May-2022(messaged by NITIN SIR on Catalog Whatsaap Group on 13-may-2022)(Relive on 010724)(Out of stock by Own Inventory on 060225),"Buy Natural Iolite - All 6.19 for sale online, weighing 6.19 carats (roughly 6.75 ratti). The cost price of the stone is provided and its price per carat can be calculated by dividing the cost price by stone weight (6.19 carat). Iolite has many benefits. This gem is stated to be Unheated and Untreated. The value of the stone is good considering its properties and effects. This gem is certified and its photos, video and lab certificate are available on our online store.",0.0000,0,Iolite - All-Faceted-Non Calibrated,/g/p/gp15573-1-280624.jpg,/g/p/gp15573-1-280624.jpg,/g/p/gp15573-hand-280624.jpg,AJ-20150901@AJ#9,2015-09-16 00:00:00,,,,,0,,,3 - Semi-Precious,400,,,,,,382.5,2.6,1.542 - 1.550,No,No,,,",",",",",",,,",",",",",",",",,16__---___Iolite--00016-----____.pdf,,https://www.agrl.in/searchcertificate.aspx?T=Stone&No=SA210170161,,,2500,"Spiritual growth, Success in business",MP
Gemstones - Config1,GEM-OPAL-SPREM-WHITEFIRE,White Opal with Fire - Super Premium (Ethiopian),Natural White Opal with Fire - Super Premium Quality (Ethiopian),opal-white-opal-with-fire-super-premium-quality,,Unheated and Untreated (No Indications Observed),,Opal with Fire,Cabochon,,White,,,,,3,71039990,2100.0000,1500.0000,,0.0000,10.0000,Enabled,Jewellery Semiprecious,Opal,Natural,Oval,Free Lab Certificate,10 Day Money-Back Returns*,White,Cabochon,Not Calibrated,3 Business Days (+5 days for typical Jewellery; +14 days for Bracelet/Gold Items),Precious Opal (White) - Ethiopia,,Loose Gemstone,Ethiopia,Single Stone,Allow our team of expert gemologists select a Natural Super Premium Opal gemstone (White Opal with Fire) of Super Premium Quality from our offline inventory of gemstones. The selected gemstone shall be of relatively the same quality as those shown in the sample photographs. You can alternatively decide to browse through our collection of catalogued gemstones with photos and videos to select a gemstone of your own choice by going to the Opal category page,Good White Colour / Good Play-of-Colour Effect,,,9966.0000,1,Precious Opal (White) - Ethiopia-Cabochon-Non Calibrated,/g/e/GEM-OPAL-SPREM-WHITEFIRE-1-190405.jpg,/g/e/GEM-OPAL-SPREM-WHITEFIRE-1-190405.jpg,/g/e/GEM-OPAL-SPREM-WHITEFIRE-2-190405.jpg,,2015-09-21 00:00:00,,,,Super Premium,0,,,2 - Mid-Precious,2000,,,,,15,,2.05,1.450 Spot ,No,No,,,",",",",",",,,",",",",",",",",,00021--___Opal___--00021--.pdf,,,,,,"advancement in fine arts, Luxurious life",MP
Gemstones - Config1,GEM-OPAL-PREM-WHITEFIRE-ETHOP,White Opal with Fire - Premium (Ethiopia),Natural White Opal with Fire - Premium Quality,ethiopia-white-opal-with-fire-premium-quality,,Unheated and Untreated (No Indications Observed),,Opal with Fire,Cabochon,,White,,,,,3,71039990,1300.0000,900.0000,,0.0000,9.0000,Enabled,Jewellery Semiprecious,Opal,Natural,Oval,Free Lab Certificate,10 Day Money-Back Returns*,White,Cabochon,Not Calibrated,3 Business Days (+5 days for typical Jewellery; +14 days for Bracelet/Gold Items),Precious Opal (Fire Opal) - Ethiopia,,Loose Gemstone,Ethiopia,Single Stone,"Allow our team of expert gemologists select a Natural Premium Opal gemstone (White Opal with Fire) of Premium Quality from our offline inventory of gemstones. The selected gemstone shall be of relatively the same quality as those shown in the sample photographs, with weight within -0.2ct to +0.5ct range from your selection. You can alternatively decide to browse through our collection of catalogued gemstones with photos and videos to select a gemstone of your own choice by going to the Opal category page",Good White Colour / Play-of-Colour Effect,,,99885.0000,1,Precious Opal (Fire Opal) - Ethiopia-Cabochon-Non Calibrated,/g/e/gem-opal-prem-whitefire-ethop-1_1.jpg,/g/e/gem-opal-prem-whitefire-ethop-1_1.jpg,/g/e/gem-opal-prem-whitefire-ethop-3_1.jpg,,2015-09-21 00:00:00,,,,Premium,0,,,2 - Mid-Precious,1000,,,,,15,,2.05,1.450 Spot ,No,No,,,",",",",",",,,",",",",",",",",,00021--___Opal___--00021--.pdf,,,,,,"advancement in fine arts, Luxurious life",MP
Gemstones,GP12556,White Opal With Fire - 6.50 Carats,Natural Certified - 6.50 Carats White Opal With Fire (GP12556) from Ethiopia,opal-gp12556,GP12556,Unheated and Untreated (No Indications Observed),6.5,Opal with Fire,Cabochon,18.93x12.19x6.67 mm,White,6.5 ct Opal Natural Original Top Quality Lab Certified Gemstone of 6.5 carat (7 ratti) from Ethiopia,Express Dispatch,2959,7.22,0,71039990,5500.0000,,6.5000,846.0000,650.0000,Enabled,Jewellery Semiprecious,Opal,Natural,Pear,ITLGJ Certified,10 Day Money-Back Returns*,"White, Play Of Color",Cabochon,Not Calibrated,0 Business Days (+5 days for typical Jewellery; +14 days for Bracelet/Gold/CZ/Diamond Items),Opal with Fire (Crystal) - Ethiopia,GP,Loose Gemstone,Ethiopia,Single Stone,Natural Opal With Fire weighing 6.5 carats in Pear shape,Natural White Opal With Fire weighing 6.50 carats (7.22 ratti) from Ethiopia,"Price Increase by 5% on 23-May-2022(messaged by NITIN SIR on Catalog Whatsaap Group on 13-may-2022)(Relive on 140824), Price update on 03-02-2026 done by Munna","Buy Natural Opal with Fire (Whitish) - Ethiopia 6.50 for sale online, weighing carats (roughly 7.22 ratti). The cost price of the stone is provided and its per carat can be calculated by dividing weight (6.50 carat). has many benefits. This gem stated to Unheated Untreated. value good considering properties effects. certified photos, video lab certificate are available on our online store.",1.0000,1,Precious Opal (White) - Ethiopia-Cabochon-Non Calibrated,/g/p/gp12556-1-140824.jpg,/g/p/gp12556-1-140824.jpg,/g/p/gp12556-hand-140824.jpg,,2015-07-10 00:00:00,,,,,0,,,2 - Mid-Precious,500,,,,,,1695,2.05,1.45 Spot,No,No,,,",",",",",",,,",",",",",",",",,00021--___Opal___--00021--.pdf,SLA352520456,https://www.itlgj.com/searchcertificate.aspx?No=SLA352520456&T=Stone,,,5500,"advancement in fine arts, Luxurious life",MP
Gemstones,GP15989,Brownish Green Tourmaline 14x10 MM - 3.95 Carats,Certified Brownish Green Tourmaline 3.95 carat Oval,tourmaline-gp15989,GP15989,Unheated and Untreated (No Indications Observed),3.95,Tourmaline,Faceted,14.18x9.83x3.05 mm,Green,3.95 ct Green Tourmaline Natural Original Top Quality Lab Certified Gemstone of 3.95 carat (4.25 ratti),Express Dispatch,7413,4.39,0,71039951,3250.0000,,3.9500,823.0000,395.0000,Enabled,Jewellery Semiprecious,Tourmaline,Natural,Oval,ITLGR Certified,10 Day Money-Back Returns*,Brownish Green,Faceted,Calibrated,0 Business Days (+5 days for typical Jewellery; +14 days for Bracelet/Gold/CZ/Diamond Items),Tourmaline - Green,GP,Loose Gemstone,,Single Stone,Natural Green Tourmaline 14X10 MM weighing 3.95 carat In Oval shape.,Natural Green Tourmaline 14X10 MM weighing 3.95 carats (4.39 ratti),deactivate by operation2 on 02-jan-2020Out_of_stock_by_shani/Balwant on 240323(Relive on 020524)(Relive on 170724)Out of stock by Own inventory on 281024),"Buy Natural Green Tourmaline for sale online, weighing 3.95 carats (roughly 4.25 ratti). The cost price of the stone is provided and its price per carat can be calculated by dividing the cost price by stone weight (3.95 carat). Tourmaline has many benefits. This gem is stated to be Unheated and Untreated. The value of the stone is good considering its properties and effects. This gem is certified and its photos, video and lab certificate are available on our online store.",0.0000,0,Tourmaline - Green-Faceted-Calibrated,/g/p/gp15989-1-170724.jpg,/g/p/gp15989-1-170724.jpg,/g/p/gp15989-hand-170724.jpg,AJ-20150901@AJ#26,2023-04-15 00:00:00,,,,,0,,,3 - Semi-Precious,500,,,,,,487.5,3.15,1.620 - 1.640,No,No,,,"14x10,",",",",",,,",",",",",",",",,13--__Green__--Tourmaline00013--.pdf,,https://www.itlgr.com/searchcertificate.aspx?T=Stone&No=S306551764,,,3000,,MP
Gemstones,GP18027,Black Opal - 5.01 carats,Certified Black Opal 5.01 carat Oval,opal-gp18027,GP18027,Dyed,5.01,Black Opal,Cabochon,13.20x10.19x6.66 mm,Black,5.01 ct Black Opal Natural Original Top Quality Lab Certified Gemstone of 5.01 carat (5.5 ratti) from Ethiopia,Express Dispatch,9065,5.57,0,71039990,3500.0000,,5.0100,699.0000,501.0000,Enabled,Jewellery Semiprecious,Opal,Natural,Oval,AGR Certified,10 Day Money-Back Returns*,Black,Cabochon,Not Calibrated,0 Business Days (+5 days for typical Jewellery; +14 days for Bracelet/Gold/CZ/Diamond Items),Opal with Fire (Treated - Black) - Ethiopia,GP,Loose Gemstone,Ethiopia,Single Stone,Natural Black Opal weighing 5.01 carat.,Natural Black Opal weighing 5.01 carats (5.57 ratti) from Ethiopia,"Price Increase by 5% on 23-May-2022(messaged by NITIN SIR on Catalog Whatsaap Group on 13-may-2022), Price Update By Shani on 220124 Done by Munna(Relive on 010724)(Out of stock by Own Inventory on 220724)","Buy Natural Original Black Opal for sale online, weighing 5.01 carats (roughly 5.5 ratti). The cost price of the stone is provided and its price per carat can be calculated by dividing the cost price by stone weight (5.01 carat) .The stone origin (where it is mined from) is Ethiopia.The stone is hence popularly also known as Black Opal. Black Opal has many benefits. This gem is stated to be Smoke enhancement. The value of the stone is good considering its properties and effects. This gem is certified and its photos, video and lab certificate are available on our online store.",0.0000,0,Precious Opal (Enhanced) - Ethiopia-Cabochon-Non Calibrated,/g/p/gp18027-1-280624.jpg,/g/p/gp18027-1-280624.jpg,/g/p/gp18027-hand-280624.jpg,Others-Ongoing3@BH#8,2015-09-10 00:00:00,,,,,0,,,2 - Mid-Precious,500,,,,,,487.5,2.05,1.450 Spot,No,No,,,",",",",",",,,",",",",",",",",,00021--___Opal___--00021--.pdf,,https://www.agrl.in/searchcertificate.aspx?T=Stone&No=SA117711173,,,3500,"advancement in fine arts, Luxurious life",MP
Gemstones,GP18029,Black Opal - 3.29 Carats,Natural Certified Black Opal - 3.29 Carats (GP18029) from Ethiopia,opal-gp18029,GP18029,Dyed,3.29,Black Opal,Cabochon,13.61x9.79x4.17 mm,Black,3.29 ct Black Opal Natural Original Top Quality Lab Certified Gemstone of 3.29 carat (3.5 ratti) from Ethiopia,Express Dispatch,9067,3.66,0,71039990,2150.0000,,3.2900,653.0000,329.0000,Enabled,Jewellery Semiprecious,Opal,Natural,Oval,AGR Certified,10 Day Money-Back Returns*,Black,Cabochon,Not Calibrated,0 Business Days (+5 days for typical Jewellery; +14 days for Bracelet/Gold/CZ/Diamond Items),Opal with Fire (Treated - Black) - Ethiopia,GP,Loose Gemstone,Ethiopia,Single Stone,Natural Black Opal weighing 3.29 carats in Oval shape,Natural Black Opal weighing 3.29 carats (3.66 ratti) from Ethiopia,Price Increase by 5% on 23-May-2022(messaged by NITIN SIR on Catalog Whatsaap Group on 13-may-2022)(Relive on 010724),"Buy Natural Original Black Opal for sale online, weighing 3.29 carats (roughly 3.5 ratti). The cost price of the stone is provided and its price per carat can be calculated by dividing the cost price by stone weight (3.29 carat) .The stone origin (where it is mined from) is Ethiopia.The stone is hence popularly also known as Black Opal. Black Opal has many benefits. This gem is stated to be Smoke enhancement. The value of the stone is good considering its properties and effects. This gem is certified and its photos, video and lab certificate are available on our online store.",1.0000,1,Precious Opal (Enhanced) - Ethiopia-Cabochon-Non Calibrated,/g/p/gp18029-1-280624.jpg,/g/p/gp18029-1-280624.jpg,/g/p/gp18029-hand-280624.jpg,Others-Ongoing3@BH#8,2015-09-10 00:00:00,,,,,0,,,2 - Mid-Precious,500,,,,,,322.5,2.05,1.450 Spot,No,No,,,",",",",",",,,",",",",",",",",,00021--___Opal___--00021--.pdf,SA117711169,http://agrl.in/searchcertificate.aspx?T=Stone&No=SA117711169,,,2000,"advancement in fine arts, Luxurious life",MP
Gemstones,GP18031,Black Opal 10x8 MM - 1.91 Carats,Premium Certified Black Opal 10x8 MM for Astrological Use - 1.91 Carats (GP18031) from Ethiopia,opal-gp18031,GP18031,Dyed,1.91,Black Opal,Cabochon,10.28x8.01x3.67 mm,Black,1.91 ct Opal Natural Original Top Quality Lab Certified Gemstone of carat (2.12 ratti),Express Dispatch,9069,2.12,0,71039990,1250.0000,,1.9100,654.0000,191.0000,Enabled,Jewellery Semiprecious,Opal,Natural,Oval,AGR Certified,10 Day Money-Back Returns*,Black,Cabochon,Calibrated,0 Business Days (+5 days for typical Jewellery; +14 days for Bracelet/Gold/CZ/Diamond Items),Opal with Fire (Treated - Black) - Ethiopia,GP,Loose Gemstone,Ethiopia,Single Stone,Natural Opal weighing 1.91 carats in Oval shape,Natural Opal weighing 1.91 carat (2.12 ratti) from Ethiopia,"relive by shani on 13-04-21, Price Increase by 5% on 23-May-2022(messaged by NITIN SIR on Catalog Group update on 13-may-2022)(Relive on 010724)","Buy Natural Precious Opal (Enhanced) - Ethiopia 1.91 for sale online, weighing carats (roughly 2.12 ratti). The cost price of the stone is provided and its per carat can be calculated by dividing weight (1.91 carat). has many benefits. This gem stated to Dyed. value good considering properties effects. certified photos, video lab certificate are available on our online store.",1.0000,1,Precious Opal (Enhanced) - Ethiopia-Cabochon-Non Calibrated,/g/p/gp18031-1-280624.jpg,/g/p/gp18031-1-280624.jpg,/g/p/gp18031-hand-280624.jpg,Others-Ongoing3@BH#8,2015-09-10 00:00:00,,,,,0,,,2 - Mid-Precious,500,,,,,,187.5,2.05,1.450 Spot,No,No,,,"10x8,",",",",",,,",",",",",",",",,00021--___Opal___--00021--.pdf,SA117711171,http://agrl.in/searchcertificate.aspx?T=Stone&No=SA117711171,,,1000,"advancement in fine arts, Luxurious life",MP
Gemstones,GP18033,Black Opal - 1.48 Carats,Original Certified Black Opal for Astrological Use - 1.48 Carats (GP18033) from Ethiopia,opal-gp18033,GP18033,Dyed,1.48,Black Opal,Cabochon,10.26x7.25x3.21 mm,Black,1.48 ct Black Opal Natural Original Top Quality Lab Certified Gemstone of 1.48 carat (1.5 ratti) from Ethiopia,Express Dispatch,9071,1.64,0,71039990,2300.0000,,1.4800,1554.0000,148.0000,Enabled,Jewellery Semiprecious,Opal,Natural,Oval,AGR Certified,10 Day Money-Back Returns*,Black,Cabochon,Not Calibrated,0 Business Days (+5 days for typical Jewellery; +14 days for Bracelet/Gold/CZ/Diamond Items),Opal with Fire (Treated - Black) - Ethiopia,GP,Loose Gemstone,Ethiopia,Single Stone,Natural Black Opal weighing 1.48 carats in Oval shape,Natural Black Opal weighing 1.48 carats (1.64 ratti) from Ethiopia,Price Increase by 5% on 23-May-2022(messaged by NITIN SIR on Catalog Whatsaap Group on 13-may-2022)(Relive on 010724),"Buy Natural Original Black Opal for sale online, weighing 1.48 carats (roughly 1.5 ratti). The cost price of the stone is provided and its price per carat can be calculated by dividing the cost price by stone weight (1.48 carat) .The stone origin (where it is mined from) is Ethiopia.The stone is hence popularly also known as Black Opal. Black Opal has many benefits. This gem is stated to be Smoke enhancement. The value of the stone is good considering its properties and effects. This gem is certified and its photos, video and lab certificate are available on our online store.",1.0000,1,Precious Opal (Enhanced) - Ethiopia-Cabochon-Non Calibrated,/g/p/gp18033-1-280624.jpg,/g/p/gp18033-1-280624.jpg,/g/p/gp18033-hand-280624.jpg,Others-Ongoing3@BH#8,2015-09-10 00:00:00,,,,,0,,,2 - Mid-Precious,1500,,,,,,345,2.05,1.450 Spot,No,No,,,",",",",",",,,",",",",",",",",,00021--___Opal___--00021--.pdf,SA117711170,http://agrl.in/searchcertificate.aspx?T=Stone&No=SA117711170,,,2000,"advancement in fine arts, Luxurious life",MP
Gemstones,GP18034,Black Opal - 3.11 Carats,Natural Certified Black Opal - 3.11 Carats (GP18034) from Ethiopia,opal-gp18034,GP18034,Dyed,3.11,Black Opal,Cabochon,12.21x8.42x5.10 mm,Black,3.11 ct Black Opal Natural Original Top Quality Lab Certified Gemstone of 3.11 carat (3.25 ratti) from Ethiopia,Express Dispatch,9072,3.46,0,71039990,4850.0000,,3.1100,1559.0000,311.0000,Enabled,Jewellery Semiprecious,Opal,Natural,Oval,AGR Certified,10 Day Money-Back Returns*,Black,Cabochon,Not Calibrated,0 Business Days (+5 days for typical Jewellery; +14 days for Bracelet/Gold/CZ/Diamond Items),Opal with Fire (Treated - Black) - Ethiopia,GP,Loose Gemstone,Ethiopia,Single Stone,Natural Black Opal weighing 3.11 carats in Oval shape,Natural Black Opal weighing 3.11 carats (3.46 ratti) from Ethiopia,Price Increase by 5% on 23-May-2022(messaged by NITIN SIR on Catalog Whatsaap Group on 13-may-2022)(Relive on 010724),"Buy Natural Original Black Opal for sale online, weighing 3.11 carats (roughly 3.25 ratti). The cost price of the stone is provided and its price per carat can be calculated by dividing the cost price by stone weight (3.11 carat) .The stone origin (where it is mined from) is Ethiopia.The stone is hence popularly also known as Black Opal. Black Opal has many benefits. This gem is stated to be Smoke enhancement. The value of the stone is good considering its properties and effects. This gem is certified and its photos, video and lab certificate are available on our online store.",1.0000,1,Precious Opal (Enhanced) - Ethiopia-Cabochon-Non Calibrated,/g/p/gp18034-1-280624.jpg,/g/p/gp18034-1-280624.jpg,/g/p/gp18034-hand-280624.jpg,Others-Ongoing3@BH#8,2015-09-10 00:00:00,,,,,,,,2 - Mid-Precious,1500,,,,,,727.5,2.05,1.450 Spot,No,No,,,",",",",",",,,",",",",",",",",,00021--___Opal___--00021--.pdf,SA117711174,http://agrl.in/searchcertificate.aspx?T=Stone&No=SA117711174,,,4500,"advancement in fine arts, Luxurious life",MP
Gemstones,GP18036,Black Opal - 1.85 Carats,Natural Certified - 1.85 Carats Black Opal (GP18036) from Ethiopia,opal-gp18036,GP18036,Dyed,1.85,Black Opal,Cabochon,9.93x6.14x4.72 mm,Black,1.85 ct Black Opal Natural Original Top Quality Lab Certified Gemstone of 1.85 carat (2 ratti) from Ethiopia,Express Dispatch,9074,2.06,0,71039990,2900.0000,,1.8500,1568.0000,185.0000,Enabled,Jewellery Semiprecious,Opal,Natural,Oval,AGR Certified,10 Day Money-Back Returns*,"Black, Play Of Color",Cabochon,Not Calibrated,0 Business Days (+5 days for typical Jewellery; +14 days for Bracelet/Gold/CZ/Diamond Items),Opal with Fire (Treated - Black) - Ethiopia,GP,Loose Gemstone,Ethiopia,Single Stone,Natural Black Opal weighing 1.85 carats in Oval shape,Natural Black Opal weighing 1.85 carats (2.06 ratti) from Ethiopia,Price Increase by 5% on 23-May-2022(messaged by NITIN SIR on Catalog Whatsaap Group on 13-may-2022)(Relive on 010724),"Buy Natural Original Black Opal for sale online, weighing 1.85 carats (roughly 2 ratti). The cost price of the stone is provided and its price per carat can be calculated by dividing the cost price by stone weight (1.85 carat) .The stone origin (where it is mined from) is Ethiopia.The stone is hence popularly also known as Black Opal. Black Opal has many benefits. This gem is stated to be Smoke enhancement. The value of the stone is good considering its properties and effects. This gem is certified and its photos, video and lab certificate are available on our online store.",1.0000,1,Precious Opal (Enhanced) - Ethiopia-Cabochon-Non Calibrated,/g/p/gp18036-1-280624.jpg,/g/p/gp18036-1-280624.jpg,/g/p/gp18036-hand-280624.jpg,Others-Ongoing3@BH#8,2015-09-10 00:00:00,,,,,0,,,2 - Mid-Precious,1500,,,,,,435,2.05,1.450 Spot,No,No,,,",",",",",",,,",",",",",",",",,00021--___Opal___--00021--.pdf,SA117711167,http://agrl.in/searchcertificate.aspx?T=Stone&No=SA117711167,,,2500,"advancement in fine arts, Luxurious life",MP
Gemstones,GP18037,Black Opal - 1.44 Carats,Original Certified Black Opal for Astrological Use - 1.44 Carats (GP18037) from Ethiopia,opal-gp18037,GP18037,Dyed,1.44,Black Opal,Cabochon,10.71x7.46x2.98 mm,Black,1.44 ct Black Opal Natural Original Top Quality Lab Certified Gemstone of 1.44 carat (1.5 ratti) from Ethiopia,Express Dispatch,9075,1.6,0,71039990,1750.0000,,1.4400,1215.0000,144.0000,Enabled,Jewellery Semiprecious,Opal,Natural,Oval,AGR Certified,10 Day Money-Back Returns*,Black,Cabochon,Not Calibrated,0 Business Days (+5 days for typical Jewellery; +14 days for Bracelet/Gold/CZ/Diamond Items),Opal with Fire (Treated - Black) - Ethiopia,GP,Loose Gemstone,Ethiopia,Single Stone,Natural Black Opal weighing 1.44 carats in Oval shape,Natural Black Opal weighing 1.44 carats (1.60 ratti) from Ethiopia,Price Increase by 5% on 23-May-2022(messaged by NITIN SIR on Catalog Whatsaap Group on 13-may-2022)(Relive on 010724),"Buy Natural Original Black Opal for sale online, weighing 1.44 carats (roughly 1.5 ratti). The cost price of the stone is provided and its price per carat can be calculated by dividing the cost price by stone weight (1.44 carat) .The stone origin (where it is mined from) is Ethiopia.The stone is hence popularly also known as Black Opal. Black Opal has many benefits. This gem is stated to be Smoke enhancement. The value of the stone is good considering its properties and effects. This gem is certified and its photos, video and lab certificate are available on our online store.",1.0000,1,Precious Opal (Enhanced) - Ethiopia-Cabochon-Non Calibrated,/g/p/gp18037-1-280624.jpg,/g/p/gp18037-1-280624.jpg,/g/p/gp18037-hand-280624.jpg,Others-Ongoing3@BH#8,2015-09-10 00:00:00,,,,,0,,,2 - Mid-Precious,1000,,,,,,262.5,2.05,1.450 Spot,No,No,,,",",",",",",,,",",",",",",",",,00021--___Opal___--00021--.pdf,SA117711175,http://agrl.in/searchcertificate.aspx?T=Stone&No=SA117711175,,,1500,"advancement in fine arts, Luxurious life",MP
Gemstones,GP18039,Black Opal - 3.46 Carats,Premium Certified Black Opal for Astrological Use - 3.46 Carats (GP18039) from Ethiopia,opal-gp18039,GP18039,Dyed,3.46,Black Opal,Cabochon,12.01x9.50x4.87 mm,Black,3.46 ct Black Opal Natural Original Top Quality Lab Certified Gemstone of 3.46 carat (3.75 ratti) from Ethiopia,Express Dispatch,9077,3.84,0,71039990,2250.0000,,3.4600,650.0000,346.0000,Enabled,Jewellery Semiprecious,Opal,Natural,Oval,ITLGJ Certified,10 Day Money-Back Returns*,"Black, Opalescence",Cabochon,Not Calibrated,0 Business Days (+5 days for typical Jewellery; +14 days for Bracelet/Gold/CZ/Diamond Items),Opal with Fire (Treated - Black) - Ethiopia,GP,Loose Gemstone,Ethiopia,Single Stone,Natural Black Opal weighing 3.46 carats in Oval shape.,Natural Black Opal weighing 3.46 carats (3.84 ratti) from Ethiopia,Price Increase by 5% on 23-May-2022(messaged by NITIN SIR on Catalog Whatsaap Group on 13-may-2022)(Relive on 010724),"Buy Natural Opal with Fire (Treated - Black) Ethiopia 3.46 for sale online, weighing carats (roughly 3.84 ratti). The cost price of the stone is provided and its per carat can be calculated by dividing weight (3.46 carat). has many benefits. This gem stated to Dyed. value good considering properties effects. certified photos, video lab certificate are available on our online store.",1.0000,1,Precious Opal (Enhanced) - Ethiopia-Cabochon-Non Calibrated,/g/p/gp18039-1-280624.jpg,/g/p/gp18039-1-280624.jpg,/g/p/gp18039-hand-280624.jpg,Others-Ongoing3@BH#8d,2015-10-13 00:00:00,,,,,0,,,2 - Mid-Precious,500,,,,,,337.5,2.05,1.45 Spot,No,No,,,",",",",",",,,",",",",",",",",,00021--___Opal___--00021--.pdf,SLA380130254,https://www.itlgj.com/searchcertificate.aspx?No=SLA380130254&T=Stone,,,2000,"advancement in fine arts, Luxurious life",MP
Gemstones,GP16514,Turquoise - 4.09 Carats,Natural Certified Turquoise (Firoza) - 4.09 Carats (GP16514) from USA,turquoise-gp16514,GP16514,Unheated and Untreated (No Indications Observed),4.09,Turquoise,Cabochon,12.60x8.61x5.45 mm,Blue,4.09 ct Turquoise (Firoza) Natural Original Top Quality Lab Certified Gemstone of 4.09 carat (4.54 ratti) from USA,Express Dispatch,8007,4.54,0,71039990,4600.0000,,4.0900,1125.0000,409.0000,Enabled,Jewellery Semiprecious,Turquoise,Natural,Oval,ITLGJ Certified,10 Day Money-Back Returns*,Blue,Cabochon,Not Calibrated,0 Business Days (+5 days for typical Jewellery; +14 days for Bracelet/Gold/CZ/Diamond Items),Turquoise (USA),GP,Loose Gemstone,USA,Single Stone,Natural Turquoise weighing 4.09 carats in Oval shape.. Turquoise Will be Polished from one side and will be in rough form from the back side because it is a soft stone.So that focus is only in insuring that it looks from the front side,Natural Turquoise weighing 4.09 carats (4.54 ratti) from USA,"Price Increase by 5% on 23-May-2022(messaged by NITIN SIR on Catalog Whatsaap Group on 13-may-2022)(Relive on 240424), Price update on 12-08-2024 done by Munna","Buy Natural Original Turquoise (USA) for sale online, weighing 4.09  carats (roughly 4.54 ratti). The cost price of the stone is provided and its price per carat can be calculated by dividing the cost price by stone weight (4.09 carat). The stone origin (where it is mined from) is USA. The stone is hence popularly also known as American Turquoise. Turquoise (USA) has many benefits. This gem is stated to be Unheated and Untreated. The value of the stone is good considering its properties and effects. This gem is certified and its photos, video and lab certificate are available on our online store.",1.0000,1,Turquoise (USA)-Cabochon-Non Calibrated,/g/p/gp16514-1-240424.jpg,/g/p/gp16514-1-240424.jpg,/g/p/gp16514-hand-240424.jpg,AJ2-20150908@AJ#11,2015-11-19 00:00:00,,,,,0,,,3 - Semi-Precious,1000.0,,,,,,180,2.75,1.61 Spot,No,No,,,",",",",",",,,",",",",",",",",,000033---Turqu--__oise0000333-----___.pdf,SLA381131621,https://www.itlgj.com/searchcertificate.aspx?No=SLA381131621&T=Stone,,,4500.0,,MP
Gemstones,GP12600,Red Garnet - 3.16 Carats,Premium Certified Red Garnet for Astrological Use - 3.16 Carats,garnet-gp12600,GP12600,Unheated and Untreated (No Indications Observed),3.16,Red Garnet,Faceted,9.60x7.78x4.38 mm,Purple,3.16 ct Red Garnet Natural Original Top Quality Lab Certified Gemstone of 3.16 carat (3.5 ratti),Express Dispatch,3370,3.51,0,71039931,5500.0000,,3.1600,1741.0000,316.0000,Enabled,Jewellery Semiprecious,Garnet,Natural,Oval,GJSPC Certified,10 Day Money-Back Returns*,Reddish Purple,Faceted,Not Calibrated,0 Business Days (+5 days for typical Jewellery; +14 days for Bracelet/Gold/CZ/Diamond Items),Garnet - Red (Almandine),GP,Loose Gemstone,,Single Stone,Natural Red Garnet weighing 3.16 carats in Oval Shape,Natural Red Garnet weighing 3.16 carats (3.51 ratti),Price Increase by 5% on 23-May-2022(messaged by NITIN SIR on Catalog Whatsaap Group on 13-may-2022)(Relive on 170424),"Buy Natural Garnet - Red (Almandine) 3.16 for sale online, weighing carats (roughly 3.51 ratti). The cost price of the stone is provided and its per carat can be calculated by dividing weight (3.16 carat). has many benefits. This gem stated to Unheated Untreated. value good considering properties effects. certified photos, video lab certificate are available on our online store.",1.0000,1,Garnet - Red (Almandine/Pyrope)-Faceted-Non Calibrated,/g/p/gp12600-1-170424.jpg,/g/p/gp12600-1-170424.jpg,/g/p/gp12600-hand-170424.jpg,,2015-09-07 00:00:00,,,,,0,,,3 - Semi-Precious,1500,,,,,,825,3.9,1.75,No,No,,,",",",",",",,,",",",",",",",",,,,,,,5500,"Positivity, Good Health",MP
Gemstones,GP19079,Red Coral - 6.03 Carats,Natural Pagadam Stone (Munga Ratna) 6.7 Ratti from Japan,red-coral-gp19079,GP19079,Unheated and Untreated (No Indications Observed),6.03,Red Coral,Cabochon,18.50x9.30x4.55 mm,Red,6.03 ct Red Coral (Moonga) Original Top Quality Lab Certified Gemstone of 6.03 carat (6.5 ratti) from Japan,Express Dispatch,10236,6.7,0,96019040,24100.0000,,6.0300,3997.0000,603.0000,Enabled,Jewellery Corals,Red Coral,Natural,Oval,JBN Certified,10 Day Money-Back Returns*,Red,Cabochon,Not Calibrated,0 Business Days (+5 days for typical Jewellery; +14 days for Bracelet/Gold/CZ/Diamond Items),Red Coral - Japan (Oval),GP,Loose Gemstone,Japan,Single Stone,Natural Red Coral weighing 6.03 carats in Oval shape.,Natural Red Coral weighing 6.03 carats (6.70 ratti) from Japan,"Update carat wt on 24-Apr-2019, Price Increase by 30% on 23-May-2022(messaged by NITIN SIR on Catalog Group update on 13-may-2022), Price update on 18-06-2025 done by Munna","Buy Natural Original Red Coral - Japan for sale online, weighing 6.03 carats (roughly 6.7 ratti). The cost price of the stone is provided and its price per carat can be calculated by dividing the cost price by stone weight (6.03 carat). The stone origin (where it is mined from) is Japan. The stone is hence popularly also known as Prabal, Pagadam, Marjan, Munga. Red Coral - Japan has many benefits. This gem is stated to be Unheated and Untreated. The value of the stone is good considering its properties and effects. This gem is certified and its photos, video and lab certificate are available on our online store.",1.0000,1,Red Coral - Japan (Oval)-Cabochon- Non Calibrated,/g/p/gp19079-1-090123.jpg,/g/p/gp19079-1-090123.jpg,/g/p/gp19079-hand-090123.jpg,Others-Ongoing3@PM#17,2015-11-23 00:00:00,,,,,0,,,1 - Precious,3500,,,,,,4530,2.7,1.550 Spot ,No,No,,,",",",",",",,,",",",",",",",",,000026Red---___26Coral___-----000026.pdf,JBNGTL/22574/19,http://www.jbngemtestinglab.com/,,,24000,Courageous behaviour,MP
Gemstones,GP14231,Red Garnet - 4.87 Carats,Natural Certified Red Garnet - 4.87 Carats,garnet-gp14231,GP14231,Unheated and Untreated (No Indications Observed),4.87,Red Garnet,Faceted,11.55x9.73x5.89 mm,Red,4.87 ct Red Garnet Natural Original Top Quality Lab Certified Gemstone of 4.87 carat (5.25 ratti),Express Dispatch,5689,5.41,0,71039931,16300.0000,,4.8700,3347.0000,487.0000,Enabled,Jewellery Semiprecious,Garnet,Natural,Oval,ITLGJ Certified,10 Day Money-Back Returns*,Brownish Red,Faceted,Not Calibrated,0 Business Days (+5 days for typical Jewellery; +14 days for Bracelet/Gold/CZ/Diamond Items),Garnet - Red (Almandine),GP,Loose Gemstone,,Single Stone,Natural Red Garnet weighing 4.87 carats in Oval Shape,Natural Red Garnet weighing 4.87 carats (5.41 ratti),"Price Increase by 5% on 23-May-2022(messaged by NITIN SIR on Catalog Whatsaap Group on 13-may-2022), Price Update By Shani on 220124 Done by Munna","Buy Natural Garnet - Red (Almandine) 4.87 for sale online, weighing carats (roughly 5.41 ratti). The cost price of the stone is provided and its per carat can be calculated by dividing weight (4.87 carat). has many benefits. This gem stated to Unheated Untreated. value good considering properties effects. certified photos, video lab certificate are available on our online store.",1.0000,1,Garnet - Red (Almandine/Pyrope)-Faceted-Non Calibrated,/g/p/gp14231-1-100424.jpg,/g/p/gp14231-1-100424.jpg,/g/p/gp14231-hand-100424.jpg,,2015-12-07 00:00:00,,,,,0,,,3 - Semi-Precious,3000,,,,,,2280,3.9,1.76,No,No,,,",",",",",",,,",",",",",",",",,,SLA373822878,https://www.itlgj.com/searchcertificate.aspx?No=SLA373822878&T=Stone,,,16000,"Positivity, Good Health",MP
Gemstones,GP14236,Red Garnet - 2.56 Carats,Original Certified Red Garnet for Astrological Use - 2.56 Carats,garnet-gp14236,GP14236,Unheated and Untreated (No Indications Observed),2.56,Red Garnet,Faceted,7.61x7.57x3.99 mm,Red,2.56 ct Red Garnet Natural Original Top Quality Lab Certified Gemstone of 2.56 carat (2.75 ratti),Express Dispatch,5694,2.84,0,71039931,8000.0000,,2.5600,3125.0000,256.0000,Enabled,Jewellery Semiprecious,Garnet,Natural,Octagonal,ITLGJ Certified,10 Day Money-Back Returns*,Purple Red,Faceted,Not Calibrated,0 Business Days (+5 days for typical Jewellery; +14 days for Bracelet/Gold/CZ/Diamond Items),Garnet - Red (Almandine),GP,Loose Gemstone,,Single Stone,An Natural Garnet weighing 2.56 carats in Octagonal Shape,Natural Garnet weighing 2.56 carats (2.84 ratti),"Deativate by Neel das on 24-7-20, Price Increase by 5% on 23-May-2022(messaged by NITIN SIR on Catalog Group update on 13-may-2022)(Relive on 170424)","Buy Natural Original Garnet loose gemstone for sale online weighing 2.56 carats (roughly 2.75 ratti). The cost price of this stone is provided, and price per carat can be calculated by dividing price by carat weight (2.56 carats). The stone origin (where it is mined form) is . Garnet has many benefits. This gem is stated to Unheated & Untreated. The value of this gemstone is good considering its properties and effects. This Garnet is certified and photos, videos and lab certificate for this stone are available on our online store.",1.0000,1,Garnet - Red (Almandine/Pyrope)-Faceted-Non Calibrated,/g/p/gp14236-1-170424.jpg,/g/p/gp14236-1-170424.jpg,/g/p/gp14236-hand-170424.jpg,,2015-12-07 00:00:00,,,,,0,,,3 - Semi-Precious,3000,,,,,,1200,3.9,1.76,No,No,,,",",",",",",,,",",",",",",",",,,SLA373822887,https://www.itlgj.com/searchcertificate.aspx?No=SLA373822887&T=Stone,,,8000,"Positivity, Good Health",MP
Gemstones,GP19190,Turquoise - 8.13 carats,Natural Turquoise - 8.13 carats (GP19190) from USA,turquoise-gp19190,GP19190,Unheated and Untreated (No Indications Observed),8.13,Turquoise,Cabochon,16.97x10.56x6.52 mm,Blue,8.13 ct Turquoise (Firoza) Natural Original Top Quality Lab Certified Gemstone of 8.13 carat (9 ratti) from USA,Express Dispatch,10344,9.03,0,71039990,3550.0000,,8.1300,437.0000,813.0000,Enabled,Jewellery Semiprecious,Turquoise,Natural,Oval,ITLGJ Certified,10 Day Money-Back Returns*,Blue,Cabochon,Not Calibrated,0 Business Days (+5 days for typical Jewellery; +14 days for Bracelet/Gold/CZ/Diamond Items),Turquoise (USA),GP,Loose Gemstone,USA,Single Stone,Natural Turquoise weighing 8.13 carat In Oval shape. Turquoise Will be Polished from one side and will be in rough form from the back side because it is a soft stone.So that focus is only in insuring that it looks from the front side,Natural Turquoise weighing 8.13 carats (9.03 ratti) from USA,"Update carat wt on 04-Feb-2019, Price Increase by 5% on 23-May-2022(messaged by NITIN SIR on Catalog Group update on 13-may-2022)(Relive on 220424)(Out of stock by Own inventory on 160524)","Buy Natural Original Turquoise (USA) for sale online, weighing 9.03 carats (roughly 10 ratti). The cost price of the stone is provided and its price per carat can be calculated by dividing the cost price by stone weight (9.03 carat). The stone origin (where it is mined from) is USA. The stone is hence popularly also known as American Turquoise. Turquoise (USA) has many benefits. This gem is stated to be Unheated and Untreated. The value of the stone is good considering its properties and effects. This gem is certified and its photos, video and lab certificate are available on our online store.",0.0000,0,Turquoise (USA)-Cabochon-Non Calibrated,/g/p/gp19190-1-220424.jpg,/g/p/gp19190-1-220424.jpg,/g/p/gp19190-hand-220424.jpg,GJSPC@Missing#5,2015-11-28 00:00:00,,,,,0,,,3 - Semi-Precious,400,,,,,,532.5,2.75,1.61 Spot,No,No,,,",",",",",",,,",",",",",",",",,000033---Turqu--__oise0000333-----___.pdf,,,,,3500,,MP
Gemstones,GP19374,Emerald - 4.09 Carats,Premium Certified Emerald (Panna) for Astrological Use - 4.09 Carats,emerald-gp19374,GP19374,Unheated and Untreated (Oiling Only),4.09,Emerald,Faceted,10.55x10.44x4.95 mm,Green,4.09 ct Emerald Natural Original Top Quality Lab Certified Gemstone of 4.09 carat (4.5 ratti) from Zambia,Express Dispatch,10524,4.54,0,71039130,23800.0000,,4.0900,5819.0000,409.0000,Enabled,Jewellery Sapphire,Emerald,Natural,Round,ITLGJ Certified,10 Day Money-Back Returns*,Green,Faceted,Not Calibrated,0 Business Days (+5 days for typical Jewellery; +14 days for Bracelet/Gold/CZ/Diamond Items),Emerald - Zambia,GP,Loose Gemstone,Zambia,Single Stone,Natural Emerald weighing 4.09 carat In Round shape.,Natural Emerald weighing 4.09 carats (4.54 ratti) from Zambia,"Price Uptade by Sunil Sir on 03-05-2021 by 10% (Massage on Hangout Group), Price Increase by 20% on 23-May-2022(messaged by NITIN SIR on Catalog Group update on 13-may-2022), Price Update by Shani after Audit Price Mismatch on Inventory on 270423, Price update on 13-09-2024 done by Munna(Out of stock by own inventory on 290125)","Buy Natural Emerald - Zambia 4.09 for sale online, weighing 4.09 carats (roughly 4.5 ratti). The cost price of the stone is provided and its price per carat can be calculated by dividing the cost price by stone weight (4.09 carat). The stone origin (where it is mined from) is Zambia. The stone is hence popularly also known as . Emerald has many benefits. This gem is stated to be Unheated (Oiling). The value of the stone is good considering its properties and effects. This gem is certified and its photos, video and lab certificate are available on our online store.",0.0000,0,Emerald - Zambia-Faceted-Non Calibrated,/g/p/gp19374-1-191023.jpg,/g/p/gp19374-1-191023.jpg,/g/p/gp19374-hand-191023.jpg,Others-Ongoing3@Missing#25a,2021-02-22 00:00:00,,,,,0,,,1 - Precious,5500.0,,,,,,5310,2.72,1.580 - 1.590,No,No,,,",",",",",",,,",",",",",",",",,11---___Emerald0011_-_____----.pdf,,,,,23500.0,"growth in business, Oratorship",MP
Gemstones - Config1,GEM-YSAP-PREM-CEYLON,Yellow Sapphire (Ceylonese) - Premium,Yellow Sapphire (Ceylonese) - Premium Quality,yellow-sapphire-ceylonese-premium-quality,,Unheated and Untreated (No Indications Observed),,,Faceted,,Yellow,,,,,4,71039120,3000.0000,,,0.0000,0.0500,Disabled,Jewellery Sapphire,Yellow Sapphire,Natural,No,Free Lab Certificate,10 Day Money-Back Returns*,Yellow,Faceted,Not Calibrated,4 Business Days (+12 Days if Customized Jewellery),Yellow Sapphire - Sri Lanka,,,Sri Lanka (Ceylon),Single Stone,"Allow our team of expert gemologists select a Natural Premium Yellow Sapphire gemstone of Premium Quality from our offline inventory of gemstones. The selected gemstone shall be of relatively the same quality as those shown in the sample photographs, with weight within -0.2ct to +0.5ct range from your selection. You can alternatively decide to browse through our collection of catalogued gemstones with photos and videos to select a gemstone of your own choice by going to the Yellow Sapphire category page",Medium Colour / Milky / Mostly Clean,,,1.0000,1,,/g/e/gem-ysap-prem-ceylon-1_4.jpg,/g/e/gem-ysap-prem-ceylon-1_4.jpg,/g/e/gem-ysap-prem-ceylon-2_4.jpg,,,,,,Premium,0,,,1 - Precious,3000,,,,,0,,4,1760 - 1.770 ,No,No,,,",",",",",",,,",",",",",",",",,,,,,,,"Financial Growth, Good Health",
Gemstones,GP19535,Black Opal - 8.51 Carats,Premium Certified Black Opal for Astrological Use - 8.51 Carats (GP19535) from Ethiopia,opal-gp19535,GP19535,Smoke Enhancement,8.51,Black Opal,Cabochon,18.30x14.32x5.36 mm,Black,8.51 ct Black Opal Natural Original Top Quality Lab Certified Gemstone of 8.51 carat (9.25 ratti) from Ethiopia,Express Dispatch,3000.05,9.46,0,71039990,9900.0000,,8.5100,1165.0000,850.0000,Enabled,Jewellery Semiprecious,Opal,Natural,Oval,ITLGR Certified,10 Day Money-Back Returns*,Black,Cabochon,Not Calibrated,0 Business Days (+5 days for typical Jewellery; +14 days for Bracelet/Gold/CZ/Diamond Items),Opal with Fire (Black) - Ethiopia,GP,Loose Gemstone,Ethiopia,Single Stone,Natural Black Opal weighing 8.51 carats in Oval shape.,Natural Black Opal weighing 8.51 carats (9.44 ratti) from Ethiopia,"Update carat wt on 07-Aug-2019, Price Increase by 5% on 23-May-2022(messaged by NITIN SIR on Catalog Group update on 13-may-2022)(Relive on 010724)","Buy Natural Original Blue Opal for sale online, weighing 8.51 carats (roughly 10.25 ratti). The cost price of the stone is provided and its price per carat can be calculated by dividing the cost price by stone weight (8.51 carat). The stone origin (where it is mined from) is Ethiopia. The stone is hence popularly also known as Blue Opal. Precious Opal (Enhanced) - Ethiopia has many benefits. This gem is stated to be smoke Enhancement. The value of the stone is good considering its properties and effects. This gem is certified and its photos, video and lab certificate are available on our online store.",1.0000,1,Precious Opal (Enhanced) - Ethiopia-Cabochon-Non Calibrated,/g/p/gp19535-1-280624.jpg,/g/p/gp19535-1-280624.jpg,/g/p/gp19535-hand-280624.jpg,,2015-12-23 00:00:00,,,,,0,,,2 - Mid-Precious,1000,,,,,,1485,2.05,1.450 Spot,No,No,,,",",",",",",,,",",",",",",",",,00021--___Opal___--00021--.pdf,,https://www.itlgr.com/searchcertificate.aspx?T=Stone&No=S351770734,,,9500,"advancement in fine arts, Luxurious life",MP
Gemstones - Config1,GEM-YSAP-ECO-CEYLON,Yellow Sapphire (Ceylonese) - Economy,Yellow Sapphire (Ceylonese) - Economy Quality,yellow-sapphire-ceylonese-economy-quality,,Unheated and Untreated (No Indications Observed),,,Faceted,,Yellow,,,,,4,71039120,2000.0000,,,0.0000,0.0400,Disabled,Jewellery Sapphire,Yellow Sapphire,Natural,No,Free Lab Certificate,10 Day Money-Back Returns*,Yellow,Faceted,Not Calibrated,4 Business Days (+12 Days if Customized Jewellery),Yellow Sapphire - Sri Lanka,,,Sri Lanka (Ceylon),Single Stone,"Allow our team of expert gemologists select a Natural Economy Yellow Sapphire gemstone of Economy Quality from our offline inventory of gemstones. The selected gemstone shall be of relatively the same quality as those shown in the sample photographs, with weight within -0.2ct to +0.5ct range from your selection. You can alternatively decide to browse through our collection of catalogued gemstones with photos and videos to select a gemstone of your own choice by going to the Yellow Sapphire category page",Medium Colour / Nearly Opaque / Inconsistent Colour,,,1.0000,1,,/g/e/gem-ysap-eco-ceylon-1_4.jpg,/g/e/gem-ysap-eco-ceylon-1_4.jpg,/g/e/gem-ysap-eco-ceylon-3_4.jpg,,,,,,Economy,0,,,1 - Precious,2000,,,,,0,,4,1760 - 1.770 ,No,No,,,",",",",",",,,",",",",",",",",,,,,,,,"Financial Growth, Good Health",
Gemstones,GP20049,Blue Sapphire - 7.08 Carats,Natural Certified Blue Sapphire (Neelam) - 7.08 Carats (GP20049) from Sri Lanka (Ceylon),blue-sapphire-gp20049,GP20049,Unheated and Untreated (No Indications Observed),7.08,Blue Sapphire,Faceted,11.71x10.77x5.56 mm,Blue,7.08 ct Blue Sapphire (Neelam) Natural Original Top Quality Lab Certified Gemstone of 7.08 carat (7.75 ratti) from Sri Lanka (Ceylon),Express Dispatch,11578,7.87,0,71039120,157500.0000,,7.0800,22246.0000,708.0000,Enabled,Jewellery Sapphire,Blue Sapphire,Natural,Oval,ITLGJ Certified,10 Day Money-Back Returns*,Blue,Faceted,Not Calibrated,0 Business Days (+5 days for typical Jewellery; +14 days for Bracelet/Gold/CZ/Diamond Items),Blue Sapphire - Sri Lanka,GP,Loose Gemstone,Sri Lanka (Ceylon),Single Stone,This is a beautiful Blue Sapphire weighing 7.08 carats with a graceful oval shape. The gemstone has a captivating sky-blue colour with significant clarity and striking lustre. The spectacular Sapphire will be certified by an ITLGJ lab.,Natural Blue Sapphire weighing 7.08 carats (7.87 ratti) from Sri Lanka (Ceylon),0 ( Sunny sir Change the price in bulk on 240424 )(Relive on 050725),"Buy Natural Blue Sapphire - Sri Lanka 7.08 for sale online, weighing 7.08 carats (roughly 7.87 ratti). The cost price of the stone is provided and its price per carat can be calculated by dividing the cost price by stone weight (7.08 carat). Blue Sapphire has many benefits. This gem is stated to be Unheated and Untreated. The value of the stone is good considering its properties and effects. This gem is certified and its photos, video and lab certificate are available on our online store.",1.0000,1,Blue Sapphire - Sri Lanka-Faceted-Non Calibrated,/g/p/gp20049-1-50725.jpg,/g/p/gp20049-1-50725.jpg,/g/p/gp20049-hand-50725.jpg,Others-Ongoing3@Missing#86b,2016-01-21 00:00:00,,,,,0,,,1 - Precious,22000,,,,,,15450,4,1.760 - 1.770,No,No,,,",",",",",",,,",",",",",",",",,5___------blue-----sapp----hire---0005____---------____-----___.pdf,SLA385335391,https://www.itlgj.com/searchcertificate.aspx?No=SLA385335391&T=Stone,,,155000,"Success in business, Popularity",P
Gemstones,GP19422,Black Opal - 4.35 Carats,Certified Black Opal 4.35 carat Pear,opal-gp19422,GP19422,Dyed,4.35,Black Opal,Cabochon,15.53x9.99x6.22 mm,Black,4.35 ct Black Opal Natural Original Top Quality Lab Certified Gemstone of 4.35 carat (4.75 ratti) from Ethiopia,Express Dispatch,10572,4.83,0,71039990,11500.0000,,4.3500,2644.0000,435.0000,Enabled,Jewellery Semiprecious,Opal,Natural,Pear,GJSPC Certified,10 Day Money-Back Returns*,Black,Cabochon,Not Calibrated,0 Business Days (+5 days for typical Jewellery; +14 days for Bracelet/Gold/CZ/Diamond Items),Opal with Fire (Treated - Black) - Ethiopia,GP,Loose Gemstone,Ethiopia,Single Stone,Natural Black Opal weighing 4.35 carat In Pear shape.,Natural Black Opal weighing 4.35 carats (4.83 ratti) from Ethiopia,Price Increase by 5% on 23-May-2022(messaged by NITIN SIR on Catalog Whatsaap Group on 13-may-2022)(Relive on 010724)(Out of stock by own inventory on 100924),"Buy Natural Precious Opal (Enhanced) - Ethiopia 0.87 for sale online, weighing 4.35 carats (roughly 4.75 ratti). The cost price of the stone is provided and its price per carat can be calculated by dividing the cost price by stone weight (4.35 carat). The stone origin (where it is mined from) is Ethiopia. The stone is hence popularly also known as . Opal has many benefits. This gem is stated to be Dyed. The value of the stone is good considering its properties and effects. This gem is certified and its photos, video and lab certificate are available on our online store.",0.0000,0,Precious Opal (Enhanced) - Ethiopia-Cabochon-Non Calibrated,/g/p/gp19422-1-280624.jpg,/g/p/gp19422-1-280624.jpg,/g/p/gp19422-hand-280624.jpg,Others-Ongoing3@Missing#23a,2015-12-19 00:00:00,,,,,0,,,2 - Mid-Precious,2500,,,,,,1725,2.05,1.450 Spot ,No,No,,,",",",",",",,,",",",",",",",",,00021--___Opal___--00021--.pdf,,,,,11000,"advancement in fine arts, Luxurious life",MP
Gemstones,GP19427,Black Opal - 4.53 Carats,Natural Certified - 4.53 Carats Black Opal (GP19427) from Ethiopia,opal-gp19427,GP19427,Dyed,4.53,Black Opal,Cabochon,16.01x10.38x5.50 mm,Black,4.53 ct Black Opal Natural Original Top Quality Lab Certified Gemstone of 4.53 carat (5 ratti) from Ethiopia,Express Dispatch,10577,5.03,0,71039990,4800.0000,,4.5300,1060.0000,453.0000,Enabled,Jewellery Semiprecious,Opal,Natural,Oval,GJSPC Certified,10 Day Money-Back Returns*,Black,Cabochon,Not Calibrated,0 Business Days (+5 days for typical Jewellery; +14 days for Bracelet/Gold/CZ/Diamond Items),Opal with Fire (Treated - Black) - Ethiopia,GP,Loose Gemstone,Ethiopia,Single Stone,Natural Black Opal weighing 4.53 carats in Oval shape.,Natural Black Opal weighing 4.53 carats (5.03 ratti) from Ethiopia,Price Increase by 5% on 23-May-2022(messaged by NITIN SIR on Catalog Whatsaap Group on 13-may-2022)(Relive on 010724),"Buy Natural Precious Opal (Enhanced) - Ethiopia 0.91 for sale online, weighing 4.53 carats (roughly 5 ratti). The cost price of the stone is provided and its price per carat can be calculated by dividing the cost price by stone weight (4.53 carat). The stone origin (where it is mined from) is Ethiopia. The stone is hence popularly also known as . Opal has many benefits. This gem is stated to be Dyed. The value of the stone is good considering its properties and effects. This gem is certified and its photos, video and lab certificate are available on our online store.",1.0000,1,Precious Opal (Enhanced) - Ethiopia-Cabochon-Non Calibrated,/g/p/gp19427-1-280624.jpg,/g/p/gp19427-1-280624.jpg,/g/p/gp19427-hand-280624.jpg,Others-Ongoing3@Missing#23b,2015-12-19 00:00:00,,,,,0,,,2 - Mid-Precious,1000,,,,,,720,2.05,1.450 Spot ,No,No,,,",",",",",",,,",",",",",",",",,00021--___Opal___--00021--.pdf,,https://gjspc.in/ReportCheck,,,4500,"advancement in fine arts, Luxurious life",MP
Gemstones,GP18566,Emerald - 3 Carats,Natural Certified - 3 Carats Emerald (Panna),emerald-gp18566,GP18566,Unheated and Untreated (Oiling Only),3,Emerald,Faceted,10.95x7.68x4.65 mm,Green,3 ct Emerald Natural Original Top Quality Lab Certified Gemstone of 3 carat (3.25 ratti) from Colombia,Express Dispatch,9683,3.33,0,71039130,18000.0000,,3.0000,6000.0000,300.0000,Enabled,Jewellery Sapphire,Emerald,Natural,Oval,AGR Certified,10 Day Money-Back Returns*,Green,Faceted,Not Calibrated,0 Business Days (+5 days for typical Jewellery; +14 days for Bracelet/Gold/CZ/Diamond Items),Emerald - Colombia,GP,Loose Gemstone,Colombia,Single Stone,Natural Emerald weighing 3 carat In Oval shape.,Natural Emerald weighing 3 carats (3.33 ratti) from Colombia,0 (Out of stock by Own Inventory on 060625),"Buy Natural Emerald - Colombia 3 for sale online, weighing 3 carats (roughly 3.25 ratti). The cost price of the stone is provided and its price per carat can be calculated by dividing the cost price by stone weight (3 carat). The stone origin (where it is mined from) is Colombia. The stone is hence popularly also known as . Emerald has many benefits. This gem is stated to be Unheated (Oiling). The value of the stone is good considering its properties and effects. This gem is certified and its photos, video and lab certificate are available on our online store.",0.0000,0,Emerald - Colombia-Faceted-Non Calibrated,/g/p/gp18566-1-181023.jpg,/g/p/gp18566-1-181023.jpg,/g/p/gp18566-hand-181023.jpg,BH-20150828@BH#i181-2,2016-03-11 00:00:00,,,,,0,,,1 - Precious,6000,,,,,,2700,2.72,1.580 - 1.590,No,No,,,",",",",",",,,",",",",",",",",,,,https://www.agrl.in/searchcertificate.aspx?T=Stone&No=SA112110329,,,18000,"growth in business, Oratorship",MP
Gemstones,GP15743,Green Onyx 14x10 MM - 5.67 Carats,Natural Certified Green Onyx 14x10 MM - 5.67 Carats,onyx-chalcedony-gp15743,GP15743,Dyed,5.67,Green Onyx,Cabochon,13.89x9.98x5.06 mm,Green,5.67 ct Green Onyx Natural Original Top Quality Lab Certified Gemstone of 5.67 carat (6.25 ratti),Express Dispatch,7167,6.30,0,71039949,640.0000,,5.6700,113.0000,567.0000,Enabled,Jewellery Semiprecious,Onyx (Chalcedony),Natural,Oval,AGR Certified,10 Day Money-Back Returns*,Green,Cabochon,Calibrated,0 Business Days (+5 days for typical Jewellery; +14 days for Bracelet/Gold/CZ/Diamond Items),Onyx - Green,GP,Loose Gemstone,,Single Stone,Natural Green Onyx 14X10 MM weighing 5.67 carats in Oval shape.,Natural Green Onyx 14X10 MM weighing 5.67 carats (6.3 ratti),Price Increase by 5% on 23-May-2022(messaged by NITIN SIR on Catalog Whatsaap Group on 13-may-2022),"Buy Natural Onyx - Green 1.13 for sale online, weighing 5.67 carats (roughly 6.25 ratti). The cost price of the stone is provided and its price per carat can be calculated by dividing the cost price by stone weight (5.67 carat). Onyx (Chalcedony) has many benefits. This gem is stated to be Dyed. The value of the stone is good considering its properties and effects. This gem is certified and its photos, video and lab certificate are available on our online store.",1.0000,1,Onyx - Green-Cabochon- Calibrated,/1/5/15743-1-190918.jpg,/1/5/15743-1-190918.jpg,/g/p/gp15743-agr-certified-181223.jpg,AJ-20150901@AJ#14,2016-05-13 00:00:00,,,,,0,,,3 - Semi-Precious,100,,,,,,96,2.6,1.540 - 1.550,No,No,,,"14x10,",",",",",,,",",",",",",",",,12--___Green----Onyx00012--.pdf,SA210170168,http://agrl.in/searchcertificate.aspx?T=Stone&No=SA210170168,,,500,,MP
Gemstones,GP15747,Green Onyx 14x10 MM - 5.48 Carats,Premium Certified Green Onyx 14x10 MM for Astrological Use - 5.48 Carats,onyx-chalcedony-gp15747,GP15747,Dyed,5.48,Green Onyx,Cabochon,14.03x9.94x5.09 mm,Green,5.48 ct Green Onyx Natural Original Top Quality Lab Certified Gemstone of 5.48 carat (6 ratti),Express Dispatch,7171,6.09,0,71039949,620.0000,,5.4800,113.0000,548.0000,Enabled,Jewellery Semiprecious,Onyx (Chalcedony),Natural,Oval,AGR Certified,10 Day Money-Back Returns*,Green,Cabochon,Calibrated,0 Business Days (+5 days for typical Jewellery; +14 days for Bracelet/Gold/CZ/Diamond Items),Onyx - Green,GP,Loose Gemstone,,Single Stone,Natural Green Onyx 14X10 MM weighing 5.48 carats in Oval shape.,Natural Green Onyx 14X10 MM weighing 5.48 carats (6.09 ratti),Price Increase by 5% on 23-May-2022(messaged by NITIN SIR on Catalog Whatsaap Group on 13-may-2022),"Buy Natural Onyx - Green 1.10 for sale online, weighing 5.48 carats (roughly 6 ratti). The cost price of the stone is provided and its price per carat can be calculated by dividing the cost price by stone weight (5.48 carat). Onyx (Chalcedony) has many benefits. This gem is stated to be Dyed. The value of the stone is good considering its properties and effects. This gem is certified and its photos, video and lab certificate are available on our online store.",1.0000,1,Onyx - Green-Cabochon- Calibrated,/1/5/15747-1-190918.jpg,/1/5/15747-1-190918.jpg,/g/p/gp15747-agr-certified-181223.jpg,AJ-20150901@AJ#14,2016-05-13 00:00:00,,,,,0,,,3 - Semi-Precious,100,,,,,,93,2.6,1.540 - 1.550,No,No,,,"14x10,",",",",",,,",",",",",",",",,12--___Green----Onyx00012--.pdf,SA210170169,http://agrl.in/searchcertificate.aspx?T=Stone&No=SA210170169,,,500,,MP
Gemstones,GP20553,Aquamarine - 4.15 Carats,Natural Certified - 4.15 Carats Aquamarine (Beruj),aquamarine-gp20553,GP20553,Unheated and Untreated (No Indications Observed),4.15,Aquamarine,Faceted,11.70x7.94x5.48 mm,Blue,IGI Certified 4.15 ct Aquamarine Natural Top Quality Lab Certified Gemstone of 4.15 carat (4.5 ratti),Express Dispatch,12165,4.61,0,71039911,24200.0000,,4.1500,5831.0000,415.0000,Enabled,Jewellery Semiprecious,Aquamarine,Natural,Octagonal,IGI Certified,10 Day Money-Back Returns*,Light Greenish Blue,Faceted,Not Calibrated,0 Business Days (+5 days for typical Jewellery; +14 days for Bracelet/Gold/CZ/Diamond Items),Aquamarine - All,GP,Loose Gemstone,,Single Stone,Natural Aquamarine weighing 4.15 carats in Octagonal shape.,Natural Aquamarine weighing 4.15 carats (4.61 ratti),"Update carat wt on 03-Jun-2019, Price Increase by 5% on 23-May-2022(messaged by NITIN SIR on Catalog Group update on 13-may-2022)(Relive on 030124), Price update on 07-06-2025 done by Munna","Buy Natural Aquamarine for sale online, weighing 4.15 carats (roughly 4.5 ratti). The cost price of the stone is provided and its price per carat can be calculated by dividing the cost price by stone weight (4.15 carat). Aquamarine has many benefits. This gem is stated to be Unheated and Untreated. The value of the stone is good considering its properties and effects. This gem is certified and its photos, video and lab certificate are available on our online store.",1.0000,1,Aquamarine - All-Faceted-Non Calibrated,/g/p/gp20553-1-30124.jpg,/g/p/gp20553-1-30124.jpg,/g/p/gp20553-hand-30124.jpg,1649,2016-07-07 00:00:00,,igi-certified,,,0,,,2 - Mid-Precious,5500,,,,,,3615,2.7,1.570 - 1.580,No,No,,,",",",",",",,,",",",",",",",",,Aquamarine__003.pdf,365960851,https://www.igi.org/reports/verify-your-report?r=365960851,,,24000,Improves Leadership Qualities,MP
Gemstones,GP20555,Aquamarine - 3.34 Carats,Original Certified Aquamarine (Beruj) for Astrological Use - 3.34 Carats,aquamarine-gp20555,GP20555,Unheated and Untreated (No Indications Observed),3.34,Aquamarine,Faceted,10.43x7.70x5.15 mm,Blue,IGI Certified 3.34 ct Aquamarine Natural Top Quality Lab Certified Gemstone of 3.34 carat (3.5 ratti),Express Dispatch,12167,3.71,0,71039911,15100.0000,,3.3400,4521.0000,334.0000,Enabled,Jewellery Semiprecious,Aquamarine,Natural,Octagonal,IGI Certified,10 Day Money-Back Returns*,Light Greenish Blue,Faceted,Not Calibrated,0 Business Days (+5 days for typical Jewellery; +14 days for Bracelet/Gold/CZ/Diamond Items),Aquamarine - All,GP,Loose Gemstone,,Single Stone,Natural Aquamarine weighing 3.34 carats in Octagonal shape.,Natural Aquamarine weighing 3.34 carats (3.71 ratti),Product Relived by Shani on June-26-2021(Relive on 030124),"Buy Natural Aquamarine for sale online, weighing 3.34 carats (roughly 3.5 ratti). The cost price of the stone is provided and its price per carat can be calculated by dividing the cost price by stone weight (3.34 carat). Aquamarine has many benefits. This gem is stated to be Unheated and Untreated. The value of the stone is good considering its properties and effects. This gem is certified and its photos, video and lab certificate are available on our online store.",1.0000,1,Aquamarine - All-Faceted-Non Calibrated,/g/p/gp20555-1-30124.jpg,/g/p/gp20555-1-30124.jpg,/g/p/gp20555-hand-30124.jpg,1649,2016-07-07 00:00:00,,igi-certified,,,0,,,2 - Mid-Precious,4500,,,,,,2265,2.7,1.570 - 1.580,No,No,,,",",",",",",,,",",",",",",",",,,365960859,https://www.igi.org/reports/verify-your-report?r=365960859,,,15000,Improves Leadership Qualities,MP
Gemstones,GP18408,Emerald - 3.39 carats,Natural Emerald - 3.39 carats (GP18408) from Brazil,emerald-gp18408,,Unheated and Untreated (Oiling Only),3.39,Emerald,Faceted,10.65 x 8.31 x 5.11 mm,Green,3.39ct Emerald (Panna) Natural Original Top Quality Lab Certified gemstone of 3.39 carat (3.75 ratti) from Brazil,Express Dispatch,9543,3.77,0,71039130,2710.0000,,3.3900,800.0000,339.0000,Enabled,Jewellery Semiprecious,Emerald,Natural,Oval,ITLGJ Certified,10 Day Money-Back Returns*,Green,Mixed Cuts,Not Calibrated,0 Business Days (+5 days for typical Jewellery; +14 days for Bracelet/Gold/CZ/Diamond Items),Emerald - Brazil,GP,Loose Gemstone,Brazil,Single Stone,Beautiful Natural Emerald weighing 3.39 carat In Oval shape.,Beautiful Natural Emerald weighing 3.39 carats (3.77 ratti) from Brazil,,"Buy Natural Original Emerald (Panna rashi ratna) for sale online, weighing 3.39 carats (roughly 3.75 ratti). The cost price of the stone is provided and its price per carat can be calculated by dividing the cost price by stone weight (3.39 carat). The stone origin (where it is mined from) is Brazil. The stone is hence popularly also known as Brazilian Emerald, Brazilian Panna. Emerald has many benefits. This gem is stated to be Unheated & Untreated. The value of the stone is good considering its properties and effects. This gem is certified and its photos, video and lab certificate are available on our online store.",0.0000,0,Emerald - Brazil-Faceted-Non Calibrated,/g/p/gp18408-1.jpg,/g/p/gp18408-1.jpg,/g/p/gp18408-2.jpg,TG-20151001@Missing#21g,2016-07-13 00:00:00,,,,,0,,,2 - Mid-Precious,,,,,,,325.2,,,No,No,,,",",",",",",,,",",",",",",",",,,,,,,,"growth in business, Oratorship",
Gemstones - Config1,GEM-TANZAN-9X7-AAA-QUALITY-ANY,Tanzanite 9x7 mm AAA Quality,Tanzanite - 9x7 mm AAA Quality,tanzanite-any-9x7mm-aaa-quality,,Heated (Tanzanite is always heat treated),,,Faceted,,,,,,,3,71039952,36890.0000,27670.0000,,0.0000,0.0100,Disabled,Jewellery Semiprecious,Tanzanite,Natural,Oval,Free Lab Certificate,10 Day Money-Back Returns*,Violet-Blue,Mixed Cuts,Not Calibrated,4 Business Days (+5 days for typical Jewellery; +14 days for Bracelet/Gold/CZ/Diamond Items),Tanzanite - All,,,Tanzania,Single Stone,Allow our team of expert gemologists select a Natural Tanzanite gemstone of  9x7 mm AAA Quality from our offline inventory of gemstones. The selected gemstone shall be of relatively the same quality as those shown in the sample photographs. You can alternatively decide to browse through our collection of catalogued gemstones with photos and videos to select a gemstone of your own choice by going to the Tanzanite category page,Natural Tanzanite gemstone of 9x7 mm AAA Quality,,,999999.0000,1,,/g/e/gem-tanzan-9x7-aaa-quality-any-1.jpg,/g/e/gem-tanzan-9x7-aaa-quality-any-1.jpg,/g/e/gem-tanzan-9x7-aaa-quality-any-2.jpg,,2016-03-14 00:00:00,,,,Super Luxury,,,,,,,,,,,,,,No,No,,,",",",",",",,,",",",",",",",",,,,,,,,,
Gemstones - Config1,GEM-TANZAN-AAA-QUALITY-ANY,Tanzanite 8x6 mm AAA Quality,Tanzanite - 8x6 mm AAA Quality,tanzanite-any-8x6mm-aaa-quality,,Heated (Tanzanite is always heat treated),,,Faceted,,,,,,,3,71039952,33320.0000,24990.0000,,0.0000,0.0300,Disabled,Jewellery Semiprecious,Tanzanite,Natural,Oval,Free Lab Certificate,10 Day Money-Back Returns*,Violet-Blue,Mixed Cuts,Not Calibrated,4 Business Days (+5 days for typical Jewellery; +14 days for Bracelet/Gold/CZ/Diamond Items),Tanzanite - All,,,Tanzania,Single Stone,Allow our team of expert gemologists select a Natural Tanzanite gemstone of  8x6 mm AAA Quality from our offline inventory of gemstones. The selected gemstone shall be of relatively the same quality as those shown in the sample photographs. You can alternatively decide to browse through our collection of catalogued gemstones with photos and videos to select a gemstone of your own choice by going to the Tanzanite category page,Natural Tanzanite gemstone of 8x6 mm AAA Quality,,,99997.0000,1,,/g/e/gem-tanzan-aaa-quality-any-1.jpg,/g/e/gem-tanzan-aaa-quality-any-1.jpg,/g/e/gem-tanzan-aaa-quality-any-2.jpg,,2016-03-14 00:00:00,,,,Super Luxury,,,,,,,,,,,,,,No,No,,,",",",",",",,,",",",",",",",",,,,,,,,,
Gemstones - Config1,GEM-TANZAN-AA-QUALITY-ANY,Tanzanite 8x6 mm AA Quality,Tanzanite - 8x6 mm AA Quality,tanzanite-any-8x6mm-aa-quality,,Heated (Tanzanite is always heat treated),,,Faceted,,,,,,,3,71039952,11900.0000,8925.0000,,0.0000,0.1000,Disabled,Jewellery Semiprecious,Tanzanite,Natural,Oval,Free Lab Certificate,10 Day Money-Back Returns*,Violet-Blue,Mixed Cuts,Not Calibrated,4 Business Days (+5 days for typical Jewellery; +14 days for Bracelet/Gold/CZ/Diamond Items),Tanzanite - All,,,Tanzania,Single Stone,Allow our team of expert gemologists select a Natural Tanzanite gemstone of  8x6 mm AA Quality from our offline inventory of gemstones. The selected gemstone shall be of relatively the same quality as those shown in the sample photographs. You can alternatively decide to browse through our collection of catalogued gemstones with photos and videos to select a gemstone of your own choice by going to the Tanzanite category page,Natural Tanzanite gemstone of 8x6 mm AA Quality,,,99998.0000,1,,/g/e/gem-tanzan-aa-quality-any-1.jpg,/g/e/gem-tanzan-aa-quality-any-1.jpg,/g/e/gem-tanzan-aa-quality-any-2.jpg,,2016-12-09 00:00:00,,,,Super Luxury,,,,,,,,,,,,,,No,No,,,",",",",",",,,",",",",",",",",,,,,,,,,
Gemstones - Config1,GEM-TANZAN-9X7-AA-QUALITY-ANY,Tanzanite 9x7 mm AA Quality,Tanzanite - 9x7 mm AA Quality,tanzanite-any-9x7mm-aa-quality,,Heated (Tanzanite is always heat treated),,,Faceted,,,,,,,3,71039952,17000.0000,12750.0000,,0.0000,0.0200,Disabled,Jewellery Semiprecious,Tanzanite,Natural,Oval,Free Lab Certificate,10 Day Money-Back Returns*,Violet-Blue,Mixed Cuts,Not Calibrated,4 Business Days (+5 days for typical Jewellery; +14 days for Bracelet/Gold/CZ/Diamond Items),Tanzanite - All,,,Tanzania,Single Stone,Allow our team of expert gemologists select a Natural Tanzanite gemstone of  9x7 mm AA Quality from our offline inventory of gemstones. The selected gemstone shall be of relatively the same quality as those shown in the sample photographs. You can alternatively decide to browse through our collection of catalogued gemstones with photos and videos to select a gemstone of your own choice by going to the Tanzanite category page,Natural Tanzanite gemstone of 9x7 mm AA Quality,,,99999.0000,1,,/g/e/gem-tanzan-9x7-aa-quality-any-1.jpg,/g/e/gem-tanzan-9x7-aa-quality-any-1.jpg,/g/e/gem-tanzan-9x7-aa-quality-any-2.jpg,,2016-03-14 00:00:00,,,,Super Luxury,,,,,,,,,,,,,,No,No,,,",",",",",",,,",",",",",",",",,,,,,,,,
Gemstones - Config1,GEM-TANZ-CALB-AA-OVAL,Tanzanite (Calibrated) - AA Quality (Oval),Natural Tanzanite (Calibrated) (Oval) - AA Quality ,tanzanite-calibrated-oval-aa-quality,,Heated (Tanzanite is always heat treated),,,Faceted,,,,,,,3,71039952,10000.0000,,,0.0000,0.1000,Disabled,Jewellery Semiprecious,Tanzanite,Natural,Oval,Free Lab Certificate,10 Day Money-Back Returns*,Violet-Blue,Mixed Cuts,Not Calibrated,4 Business Days (+5 days for typical Jewellery; +14 days for Bracelet/Gold/CZ/Diamond Items),Tanzanite - All,,,Tanzania,Single Stone,Allow our team of expert gemologists select a Natural Tanzanite (Calibrated) gemstone of AA Quality from our offline inventory of gemstones. The selected gemstone shall be of relatively the same quality as those shown in the sample photographs. You can alternatively decide to browse through our collection of catalogued gemstones with photos and videos to select a gemstone of your own choice by going to the Tanzanite category page,Natural Tanzanite (Calibrated) (Oval) - AA Quality ,,,99999.0000,1,,/g/e/gem-tanz-calb-aa-oval-1.jpg,/g/e/gem-tanz-calb-aa-oval-1.jpg,/g/e/gem-tanz-calb-aa-oval-2.jpg,,2017-10-13 00:00:00,,,,Super Luxury,,,,,,,,,,,,,,No,No,,,",",",",",",,,",",",",",",",",,,,,,,,,
Gemstones - Config1,GEM-TANZ-CALB-AAA-OVAL,Tanzanite (Calibrated) - AAA Quality (Oval),Natural Tanzanite (Calibrated) (Oval) - AAA Quality ,tanzanite-calibrated-oval-aaa-quality,,Heated (Tanzanite is always heat treated),,,Faceted,,,,,,,3,71039952,15000.0000,,,0.0000,0.1100,Disabled,Jewellery Semiprecious,Tanzanite,Natural,Oval,Free Lab Certificate,10 Day Money-Back Returns*,Violet-Blue,Mixed Cuts,Not Calibrated,4 Business Days (+5 days for typical Jewellery; +14 days for Bracelet/Gold/CZ/Diamond Items),Tanzanite - All,,,Tanzania,Single Stone,Allow our team of expert gemologists select a Natural Tanzanite (Calibrated) gemstone of AAA Quality from our offline inventory of gemstones. The selected gemstone shall be of relatively the same quality as those shown in the sample photographs. You can alternatively decide to browse through our collection of catalogued gemstones with photos and videos to select a gemstone of your own choice by going to the Tanzanite category page,Natural Tanzanite (Calibrated) (Oval) - AAA Quality ,,,99999.0000,1,,/g/e/gem-tanz-calb-aaa-oval-1.jpg,/g/e/gem-tanz-calb-aaa-oval-1.jpg,/g/e/gem-tanz-calb-aaa-oval-2.jpg,,2017-10-13 00:00:00,,,Call For Price,Super Luxury,,,,,,,,,,,,,,No,No,,,",",",",",",,,",",",",",",",",,,,,,,,,
Gemstones - Config1,GEM-TANZ-CALB-APLUS-OVAL,Tanzanite (Calibrated) - A+ Quality (Oval),Natural Tanzanite (Calibrated) (Oval) - A+ Quality ,tanzanite-calibrated-oval-a-plus-quality,,Heated (Tanzanite is always heat treated),,,Faceted,,,,,,,3,71039952,7000.0000,,,0.0000,0.1000,Disabled,Jewellery Semiprecious,Tanzanite,Natural,Oval,Free Lab Certificate,10 Day Money-Back Returns*,Violet-Blue,Mixed Cuts,,4 Business Days (+5 days for typical Jewellery; +14 days for Bracelet/Gold/CZ/Diamond Items),Tanzanite - All,,,Tanzania,Single Stone,Allow our team of expert gemologists select a Natural Tanzanite (Calibrated) gemstone of A+ Quality from our offline inventory of gemstones. The selected gemstone shall be of relatively the same quality as those shown in the sample photographs. You can alternatively decide to browse through our collection of catalogued gemstones with photos and videos to select a gemstone of your own choice by going to the Tanzanite category page,Natural Tanzanite (Calibrated) (Oval) - A+ Quality ,,,99999.0000,1,,no_selection,no_selection,no_selection,,2017-10-13 00:00:00,,,,Super Luxury,,,,,,,,,,,,,,No,No,,,",",",",",",,,",",",",",",",",,,,,,,,,
